perf_id,ad_id,campaign_id,date,day_of_week,device,time_of_day,impressions,clicks,ctr,spend,conversions,roas,cost_per_click
P00001,A001,C001,2024-06-01,6,mobile,morning,2844,218,7.67,74.92,34,16.44,0.34
P00002,A001,C001,2024-06-01,6,mobile,afternoon,3512,282,8.03,78.75,40,16.78,0.28
P00003,A001,C001,2024-06-01,6,mobile,night,3214,208,6.47,74.45,28,13.28,0.36
P00004,A001,C001,2024-06-01,6,desktop,morning,2545,70,2.75,73.28,3,1.52,1.05
P00005,A001,C001,2024-06-01,6,desktop,afternoon,2858,81,2.83,62.57,4,2.16,0.77
P00006,A001,C001,2024-06-01,6,desktop,night,2461,54,2.19,73.9,2,1.01,1.37
P00007,A001,C001,2024-06-01,6,tablet,morning,1862,25,1.34,49.15,0,0,1.97
P00008,A001,C001,2024-06-01,6,tablet,afternoon,1905,29,1.52,47.97,0,0,1.65
P00009,A001,C001,2024-06-01,6,tablet,night,1573,17,1.08,41.91,0,0,2.47
P00010,A001,C001,2024-06-02,7,mobile,morning,2902,223,7.68,82.86,31,12.75,0.37
P00011,A001,C001,2024-06-02,7,mobile,afternoon,2986,251,8.41,88.66,42,16.94,0.35
P00012,A001,C001,2024-06-02,7,mobile,night,2956,227,7.68,73.77,29,15.11,0.32
P00013,A001,C001,2024-06-02,7,desktop,morning,2820,77,2.73,71.23,4,2.07,0.93
P00014,A001,C001,2024-06-02,7,desktop,afternoon,2551,67,2.63,65.19,3,1.52,0.97
P00015,A001,C001,2024-06-02,7,desktop,night,3018,80,2.65,65.18,3,1.58,0.81
P00016,A001,C001,2024-06-02,7,tablet,morning,1941,26,1.34,41.65,0,0,1.6
P00017,A001,C001,2024-06-02,7,tablet,afternoon,1664,25,1.5,48.35,0,0,1.93
P00018,A001,C001,2024-06-02,7,tablet,night,1976,24,1.21,39.8,0,0,1.66
P00019,A001,C001,2024-06-03,1,mobile,morning,3308,249,7.53,78.75,28,12.15,0.32
P00020,A001,C001,2024-06-03,1,mobile,afternoon,3592,280,7.8,89.32,42,14.85,0.32
P00021,A001,C001,2024-06-03,1,mobile,night,3380,224,6.63,80.96,24,10.67,0.36
P00022,A001,C001,2024-06-03,1,desktop,morning,2474,57,2.3,67.45,2,1.12,1.18
P00023,A001,C001,2024-06-03,1,desktop,afternoon,2573,66,2.57,62.95,3,1.79,0.95
P00024,A001,C001,2024-06-03,1,desktop,night,2596,56,2.16,70,1,0.53,1.25
P00025,A001,C001,2024-06-03,1,tablet,morning,1782,22,1.23,44.46,0,0,2.02
P00026,A001,C001,2024-06-03,1,tablet,afternoon,1561,22,1.41,48.15,0,0,2.19
P00027,A001,C001,2024-06-03,1,tablet,night,1578,18,1.14,48.87,0,0,2.71
P00028,A001,C001,2024-06-04,2,mobile,morning,2878,215,7.47,85.37,25,10.2,0.4
P00029,A001,C001,2024-06-04,2,mobile,afternoon,3248,238,7.33,87.42,32,12.07,0.37
P00030,A001,C001,2024-06-04,2,mobile,night,3240,217,6.7,74.49,23,11.88,0.34
P00031,A001,C001,2024-06-04,2,desktop,morning,2826,65,2.3,68.5,2,0.97,1.05
P00032,A001,C001,2024-06-04,2,desktop,afternoon,2622,69,2.63,63.79,3,1.5,0.92
P00033,A001,C001,2024-06-04,2,desktop,night,2814,55,1.95,74.85,2,0.85,1.36
P00034,A001,C001,2024-06-04,2,tablet,morning,1654,20,1.21,41.11,0,0,2.06
P00035,A001,C001,2024-06-04,2,tablet,afternoon,1795,23,1.28,47.15,0,0,2.05
P00036,A001,C001,2024-06-04,2,tablet,night,1594,16,1,43.33,0,0,2.71
P00037,A001,C001,2024-06-05,3,mobile,morning,3343,263,7.87,72.52,32,14.95,0.28
P00038,A001,C001,2024-06-05,3,mobile,afternoon,3488,254,7.28,74.28,35,16.23,0.29
P00039,A001,C001,2024-06-05,3,mobile,night,3039,181,5.96,88.4,20,8.49,0.49
P00040,A001,C001,2024-06-05,3,desktop,morning,2761,57,2.06,76.39,2,1,1.34
P00041,A001,C001,2024-06-05,3,desktop,afternoon,3007,84,2.79,62.75,3,1.58,0.75
P00042,A001,C001,2024-06-05,3,desktop,night,2663,50,1.88,66.23,2,1.01,1.32
P00043,A001,C001,2024-06-05,3,tablet,morning,1885,21,1.11,43.32,0,0,2.06
P00044,A001,C001,2024-06-05,3,tablet,afternoon,1789,24,1.34,40.48,0,0,1.69
P00045,A001,C001,2024-06-05,3,tablet,night,1799,19,1.06,46.76,0,0,2.46
P00046,A001,C001,2024-06-06,4,mobile,morning,3212,246,7.66,73.65,35,15.24,0.3
P00047,A001,C001,2024-06-06,4,mobile,afternoon,2967,235,7.92,83.62,31,11.99,0.36
P00048,A001,C001,2024-06-06,4,mobile,night,3510,209,5.95,82.07,24,10.07,0.39
P00049,A001,C001,2024-06-06,4,desktop,morning,2783,65,2.34,75.33,2,0.97,1.16
P00050,A001,C001,2024-06-06,4,desktop,afternoon,2557,64,2.5,71.02,2,0.95,1.11
P00051,A001,C001,2024-06-06,4,desktop,night,2893,55,1.9,67.53,2,1.14,1.23
P00052,A001,C001,2024-06-06,4,tablet,morning,1584,17,1.07,41.65,0,0,2.45
P00053,A001,C001,2024-06-06,4,tablet,afternoon,1926,24,1.25,40.51,0,0,1.69
P00054,A001,C001,2024-06-06,4,tablet,night,1812,21,1.16,45.77,0,0,2.18
P00055,A001,C001,2024-06-07,5,mobile,morning,3055,224,7.33,88.7,26,9.47,0.4
P00056,A001,C001,2024-06-07,5,mobile,afternoon,2907,228,7.84,75.87,33,15.89,0.33
P00057,A001,C001,2024-06-07,5,mobile,night,2981,195,6.54,75.7,22,11,0.39
P00058,A001,C001,2024-06-07,5,desktop,morning,2955,62,2.1,66.96,2,0.94,1.08
P00059,A001,C001,2024-06-07,5,desktop,afternoon,2906,77,2.65,64.32,3,1.65,0.84
P00060,A001,C001,2024-06-07,5,desktop,night,2681,50,1.86,61.26,2,1.23,1.23
P00061,A001,C001,2024-06-07,5,tablet,morning,1784,22,1.23,45.01,0,0,2.05
P00062,A001,C001,2024-06-07,5,tablet,afternoon,1684,23,1.37,47.27,0,0,2.06
P00063,A001,C001,2024-06-07,5,tablet,night,1642,16,0.97,39.93,0,0,2.5
P00064,A002,C001,2024-06-01,6,mobile,morning,2941,195,6.63,78.85,27,13.13,0.4
P00065,A002,C001,2024-06-01,6,mobile,afternoon,3072,266,8.66,63.32,40,21.37,0.24
P00066,A002,C001,2024-06-01,6,mobile,night,3154,220,6.98,77.72,27,11.59,0.35
P00067,A002,C001,2024-06-01,6,desktop,morning,2597,56,2.16,66.18,2,1,1.18
P00068,A002,C001,2024-06-01,6,desktop,afternoon,2614,68,2.6,57.91,3,1.71,0.85
P00069,A002,C001,2024-06-01,6,desktop,night,2152,43,2,58.25,1,0.66,1.35
P00070,A002,C001,2024-06-01,6,tablet,morning,1489,18,1.21,38.36,0,0,2.13
P00071,A002,C001,2024-06-01,6,tablet,afternoon,1738,20,1.15,43.75,0,0,2.19
P00072,A002,C001,2024-06-01,6,tablet,night,1483,14,0.94,38.69,0,0,2.76
P00073,A002,C001,2024-06-02,7,mobile,morning,2931,212,7.23,69.51,28,13.41,0.33
P00074,A002,C001,2024-06-02,7,mobile,afternoon,3002,210,7,78.78,30,13.91,0.38
P00075,A002,C001,2024-06-02,7,mobile,night,3025,204,6.74,69.15,21,10.98,0.34
P00076,A002,C001,2024-06-02,7,desktop,morning,2331,53,2.27,65.83,2,1.02,1.24
P00077,A002,C001,2024-06-02,7,desktop,afternoon,2318,60,2.59,59.33,2,1.09,0.99
P00078,A002,C001,2024-06-02,7,desktop,night,2383,57,2.39,63.34,2,1.13,1.11
P00079,A002,C001,2024-06-02,7,tablet,morning,1497,18,1.2,34.6,0,0,1.92
P00080,A002,C001,2024-06-02,7,tablet,afternoon,1602,22,1.37,38.98,0,0,1.77
P00081,A002,C001,2024-06-02,7,tablet,night,1562,18,1.15,42.1,0,0,2.34
P00082,A002,C001,2024-06-03,1,mobile,morning,2869,186,6.48,68.65,22,11.78,0.37
P00083,A002,C001,2024-06-03,1,mobile,afternoon,2977,192,6.45,66.31,21,10.52,0.35
P00084,A002,C001,2024-06-03,1,mobile,night,2841,174,6.12,64.15,17,9.52,0.37
P00085,A002,C001,2024-06-03,1,desktop,morning,2251,49,2.18,60.67,1,0.59,1.24
P00086,A002,C001,2024-06-03,1,desktop,afternoon,2141,52,2.43,64.69,1,0.53,1.24
P00087,A002,C001,2024-06-03,1,desktop,night,2241,46,2.05,61.02,1,0.54,1.33
P00088,A002,C001,2024-06-03,1,tablet,morning,1703,17,1,42.16,0,0,2.48
P00089,A002,C001,2024-06-03,1,tablet,afternoon,1608,20,1.24,43,0,0,2.15
P00090,A002,C001,2024-06-03,1,tablet,night,1574,16,1.02,39.76,0,0,2.48
P00091,A002,C001,2024-06-04,2,mobile,morning,2841,168,5.91,67.14,19,10.43,0.4
P00092,A002,C001,2024-06-04,2,mobile,afternoon,2873,204,7.1,67.61,23,11.4,0.33
P00093,A002,C001,2024-06-04,2,mobile,night,2702,146,5.4,72.16,13,5.97,0.49
P00094,A002,C001,2024-06-04,2,desktop,morning,2543,55,2.16,54.4,2,1.3,0.99
P00095,A002,C001,2024-06-04,2,desktop,afternoon,2381,51,2.14,59.59,2,1.19,1.17
P00096,A002,C001,2024-06-04,2,desktop,night,2544,52,2.04,64.63,1,0.49,1.24
P00097,A002,C001,2024-06-04,2,tablet,morning,1516,16,1.06,42.65,0,0,2.67
P00098,A002,C001,2024-06-04,2,tablet,afternoon,1665,19,1.14,40.29,0,0,2.12
P00099,A002,C001,2024-06-04,2,tablet,night,1548,12,0.78,37.77,0,0,3.15
P00100,A002,C001,2024-06-05,3,mobile,morning,2629,164,6.24,65.09,19,9.25,0.4
P00101,A002,C001,2024-06-05,3,mobile,afternoon,2786,195,7,63.36,25,12.8,0.32
P00102,A002,C001,2024-06-05,3,mobile,night,2832,143,5.05,69.4,13,6.33,0.49
P00103,A002,C001,2024-06-05,3,desktop,morning,2582,52,2.01,64.43,2,1.03,1.24
P00104,A002,C001,2024-06-05,3,desktop,afternoon,2186,44,2.01,61.33,2,1.11,1.39
P00105,A002,C001,2024-06-05,3,desktop,night,2517,50,1.99,62.97,1,0.61,1.26
P00106,A002,C001,2024-06-05,3,tablet,morning,1458,13,0.89,36.03,0,0,2.77
P00107,A002,C001,2024-06-05,3,tablet,afternoon,1596,17,1.07,41.19,0,0,2.42
P00108,A002,C001,2024-06-05,3,tablet,night,1612,16,0.99,35.67,0,0,2.23
P00109,A002,C001,2024-06-06,4,mobile,morning,2590,144,5.56,68.25,17,9.52,0.47
P00110,A002,C001,2024-06-06,4,mobile,afternoon,2788,202,7.25,64.2,26,14.54,0.32
P00111,A002,C001,2024-06-06,4,mobile,night,2585,155,6,77.48,16,6.68,0.5
P00112,A002,C001,2024-06-06,4,desktop,morning,2712,60,2.21,58.53,2,1.17,0.98
P00113,A002,C001,2024-06-06,4,desktop,afternoon,2433,53,2.18,65.85,2,0.98,1.24
P00114,A002,C001,2024-06-06,4,desktop,night,2698,52,1.93,65.55,1,0.53,1.26
P00115,A002,C001,2024-06-06,4,tablet,morning,1660,19,1.14,37.14,0,0,1.95
P00116,A002,C001,2024-06-06,4,tablet,afternoon,1566,17,1.09,41.49,0,0,2.44
P00117,A002,C001,2024-06-06,4,tablet,night,1697,14,0.82,42.91,0,0,3.06
P00118,A002,C001,2024-06-07,5,mobile,morning,2934,179,6.1,63.39,22,11.37,0.35
P00119,A002,C001,2024-06-07,5,mobile,afternoon,2661,197,7.4,68.74,27,14.3,0.35
P00120,A002,C001,2024-06-07,5,mobile,night,2705,135,4.99,79.16,12,5.54,0.59
P00121,A002,C001,2024-06-07,5,desktop,morning,2423,53,2.19,63.53,2,1.1,1.2
P00122,A002,C001,2024-06-07,5,desktop,afternoon,2600,54,2.08,56.69,2,1.19,1.05
P00123,A002,C001,2024-06-07,5,desktop,night,2477,46,1.86,61.2,1,0.6,1.33
P00124,A002,C001,2024-06-07,5,tablet,morning,1508,16,1.06,37.15,0,0,2.32
P00125,A002,C001,2024-06-07,5,tablet,afternoon,1456,15,1.03,39.65,0,0,2.64
P00126,A002,C001,2024-06-07,5,tablet,night,1465,13,0.89,41.43,0,0,3.19
P00127,A003,C001,2024-06-01,6,mobile,morning,2416,151,6.25,62.45,17,8.6,0.41
P00128,A003,C001,2024-06-01,6,mobile,afternoon,2694,189,7.02,74.43,25,12.22,0.39
P00129,A003,C001,2024-06-01,6,mobile,night,2433,161,6.62,66.68,19,10.12,0.41
P00130,A003,C001,2024-06-01,6,desktop,morning,2255,50,2.22,52.5,1,0.73,1.05
P00131,A003,C001,2024-06-01,6,desktop,afternoon,2259,60,2.66,55.45,2,1.3,0.92
P00132,A003,C001,2024-06-01,6,desktop,night,2028,37,1.82,57.66,1,0.67,1.56
P00133,A003,C001,2024-06-01,6,tablet,morning,1335,16,1.2,37.69,0,0,2.36
P00134,A003,C001,2024-06-01,6,tablet,afternoon,1478,18,1.22,36.25,0,0,2.01
P00135,A003,C001,2024-06-01,6,tablet,night,1401,14,1,37.72,0,0,2.69
P00136,A003,C001,2024-06-02,7,mobile,morning,2485,156,6.28,69.4,17,8.01,0.44
P00137,A003,C001,2024-06-02,7,mobile,afternoon,2400,157,6.54,66.03,21,10.67,0.42
P00138,A003,C001,2024-06-02,7,mobile,night,2500,159,6.36,70.08,17,8.81,0.44
P00139,A003,C001,2024-06-02,7,desktop,morning,2503,60,2.4,58.51,2,1.3,0.98
P00140,A003,C001,2024-06-02,7,desktop,afternoon,2231,55,2.47,58.81,2,1.27,1.07
P00141,A003,C001,2024-06-02,7,desktop,night,2038,38,1.86,54.18,1,0.65,1.43
P00142,A003,C001,2024-06-02,7,tablet,morning,1395,14,1,38.42,0,0,2.74
P00143,A003,C001,2024-06-02,7,tablet,afternoon,1470,18,1.22,33.05,0,0,1.84
P00144,A003,C001,2024-06-02,7,tablet,night,1407,13,0.92,33.15,0,0,2.55
P00145,A003,C001,2024-06-03,1,mobile,morning,2721,177,6.5,74.84,19,8.48,0.42
P00146,A003,C001,2024-06-03,1,mobile,afternoon,2378,163,6.85,66.35,19,10.86,0.41
P00147,A003,C001,2024-06-03,1,mobile,night,2468,133,5.39,68.99,12,5.59,0.52
P00148,A003,C001,2024-06-03,1,desktop,morning,2189,41,1.87,59.12,1,0.57,1.44
P00149,A003,C001,2024-06-03,1,desktop,afternoon,2377,48,2.02,62.87,2,1.12,1.31
P00150,A003,C001,2024-06-03,1,desktop,night,2247,37,1.65,54.39,1,0.63,1.47
P00151,A003,C001,2024-06-03,1,tablet,morning,1475,16,1.08,38.14,0,0,2.38
P00152,A003,C001,2024-06-03,1,tablet,afternoon,1359,14,1.03,39.02,0,0,2.79
P00153,A003,C001,2024-06-03,1,tablet,night,1365,12,0.88,40.53,0,0,3.38
P00154,A003,C001,2024-06-04,2,mobile,morning,2430,159,6.54,68.57,15,7.13,0.43
P00155,A003,C001,2024-06-04,2,mobile,afternoon,2705,177,6.54,60.3,23,14.45,0.34
P00156,A003,C001,2024-06-04,2,mobile,night,2648,127,4.8,72.15,12,6.07,0.57
P00157,A003,C001,2024-06-04,2,desktop,morning,2276,42,1.85,61.36,1,0.54,1.46
P00158,A003,C001,2024-06-04,2,desktop,afternoon,2300,48,2.09,62.55,1,0.6,1.3
P00159,A003,C001,2024-06-04,2,desktop,night,2470,41,1.66,60.75,1,0.63,1.48
P00160,A003,C001,2024-06-04,2,tablet,morning,1472,15,1.02,34.84,0,0,2.32
P00161,A003,C001,2024-06-04,2,tablet,afternoon,1646,17,1.03,33.65,0,0,1.98
P00162,A003,C001,2024-06-04,2,tablet,night,1488,13,0.87,36.36,0,0,2.8
P00163,A003,C001,2024-06-05,3,mobile,morning,2799,167,5.97,62.55,19,9.66,0.37
P00164,A003,C001,2024-06-05,3,mobile,afternoon,2829,192,6.79,71.82,21,10.57,0.37
P00165,A003,C001,2024-06-05,3,mobile,night,2878,169,5.87,66.75,14,7.34,0.39
P00166,A003,C001,2024-06-05,3,desktop,morning,2321,49,2.11,61.9,1,0.57,1.26
P00167,A003,C001,2024-06-05,3,desktop,afternoon,2248,51,2.27,55.57,2,1.17,1.09
P00168,A003,C001,2024-06-05,3,desktop,night,2255,44,1.95,54.6,1,0.66,1.24
P00169,A003,C001,2024-06-05,3,tablet,morning,1594,16,1,39.92,0,0,2.5
P00170,A003,C001,2024-06-05,3,tablet,afternoon,1547,17,1.1,40.04,0,0,2.36
P00171,A003,C001,2024-06-05,3,tablet,night,1516,14,0.92,41.14,0,0,2.94
P00172,A003,C001,2024-06-06,4,mobile,morning,2415,146,6.05,72.8,15,7.49,0.5
P00173,A003,C001,2024-06-06,4,mobile,afternoon,2931,168,5.73,71.57,18,8.58,0.43
P00174,A003,C001,2024-06-06,4,mobile,night,2445,130,5.32,67.88,13,6.26,0.52
P00175,A003,C001,2024-06-06,4,desktop,morning,2042,43,2.11,58.43,1,0.65,1.36
P00176,A003,C001,2024-06-06,4,desktop,afternoon,2077,44,2.12,53.45,1,0.59,1.21
P00177,A003,C001,2024-06-06,4,desktop,night,2438,47,1.93,59.22,1,0.58,1.26
P00178,A003,C001,2024-06-06,4,tablet,morning,1415,14,0.99,37.98,0,0,2.71
P00179,A003,C001,2024-06-06,4,tablet,afternoon,1591,15,0.94,35.74,0,0,2.38
P00180,A003,C001,2024-06-06,4,tablet,night,1495,13,0.87,41.1,0,0,3.16
P00181,A003,C001,2024-06-07,5,mobile,morning,2774,154,5.55,67.88,17,9.19,0.44
P00182,A003,C001,2024-06-07,5,mobile,afternoon,2383,158,6.63,66.77,20,10.04,0.42
P00183,A003,C001,2024-06-07,5,mobile,night,2864,155,5.41,64.46,15,8.34,0.42
P00184,A003,C001,2024-06-07,5,desktop,morning,2368,48,2.03,58.97,1,0.61,1.23
P00185,A003,C001,2024-06-07,5,desktop,afternoon,2492,55,2.21,54.2,2,1.31,0.99
P00186,A003,C001,2024-06-07,5,desktop,night,2398,38,1.58,54.01,1,0.61,1.42
P00187,A003,C001,2024-06-07,5,tablet,morning,1340,13,0.97,40.91,0,0,3.15
P00188,A003,C001,2024-06-07,5,tablet,afternoon,1586,16,1.01,39.62,0,0,2.48
P00189,A003,C001,2024-06-07,5,tablet,night,1557,13,0.83,33.36,0,0,2.57
P00190,A004,C001,2024-06-01,6,mobile,morning,4018,396,9.86,103.13,74,26.64,0.26
P00191,A004,C001,2024-06-01,6,mobile,afternoon,3579,394,11.01,81.69,74,31.42,0.21
P00192,A004,C001,2024-06-01,6,mobile,night,3852,337,8.75,94.35,55,22.2,0.28
P00193,A004,C001,2024-06-01,6,desktop,morning,2848,83,2.91,69.64,5,2.54,0.84
P00194,A004,C001,2024-06-01,6,desktop,afternoon,3457,110,3.18,70.36,7,3.77,0.64
P00195,A004,C001,2024-06-01,6,desktop,night,2994,82,2.74,71.81,4,1.87,0.88
P00196,A004,C001,2024-06-01,6,tablet,morning,2030,28,1.38,55.59,0,0,1.99
P00197,A004,C001,2024-06-01,6,tablet,afternoon,2117,38,1.79,56.31,1,0.65,1.48
P00198,A004,C001,2024-06-01,6,tablet,night,1865,25,1.34,45.97,0,0,1.84
P00199,A004,C001,2024-06-02,7,mobile,morning,4099,340,8.29,89.6,57,24.27,0.26
P00200,A004,C001,2024-06-02,7,mobile,afternoon,4014,373,9.29,96.6,70,27.79,0.26
P00201,A004,C001,2024-06-02,7,mobile,night,3573,293,8.2,85.59,40,17.5,0.29
P00202,A004,C001,2024-06-02,7,desktop,morning,3109,100,3.22,81.28,5,1.95,0.81
P00203,A004,C001,2024-06-02,7,desktop,afternoon,3360,108,3.21,71.55,6,2.68,0.66
P00204,A004,C001,2024-06-02,7,desktop,night,3344,87,2.6,73.25,4,1.85,0.84
P00205,A004,C001,2024-06-02,7,tablet,morning,1862,31,1.66,44.79,0,0,1.44
P00206,A004,C001,2024-06-02,7,tablet,afternoon,1853,29,1.57,46.89,0,0,1.62
P00207,A004,C001,2024-06-02,7,tablet,night,1797,26,1.45,47.66,0,0,1.83
P00208,A004,C001,2024-06-03,1,mobile,morning,3301,284,8.6,93.05,44,16.47,0.33
P00209,A004,C001,2024-06-03,1,mobile,afternoon,3945,354,8.97,83.8,57,25.93,0.24
P00210,A004,C001,2024-06-03,1,mobile,night,3293,257,7.8,100.62,34,11.73,0.39
P00211,A004,C001,2024-06-03,1,desktop,morning,3494,84,2.4,78.21,4,1.86,0.93
P00212,A004,C001,2024-06-03,1,desktop,afternoon,3136,102,3.25,70.56,4,2.03,0.69
P00213,A004,C001,2024-06-03,1,desktop,night,2816,65,2.31,81.11,2,0.83,1.25
P00214,A004,C001,2024-06-03,1,tablet,morning,2275,31,1.36,50.3,0,0,1.62
P00215,A004,C001,2024-06-03,1,tablet,afternoon,2132,34,1.59,52.7,0,0,1.55
P00216,A004,C001,2024-06-03,1,tablet,night,1895,22,1.16,47.55,0,0,2.16
P00217,A004,C001,2024-06-04,2,mobile,morning,3624,266,7.34,90.85,40,15.02,0.34
P00218,A004,C001,2024-06-04,2,mobile,afternoon,3390,334,9.85,82.87,58,22.5,0.25
P00219,A004,C001,2024-06-04,2,mobile,night,3340,258,7.72,99.39,34,12.18,0.39
P00220,A004,C001,2024-06-04,2,desktop,morning,3190,82,2.57,71.48,3,1.52,0.87
P00221,A004,C001,2024-06-04,2,desktop,afternoon,3333,108,3.24,82.77,6,2.59,0.77
P00222,A004,C001,2024-06-04,2,desktop,night,3032,75,2.47,73.18,3,1.36,0.98
P00223,A004,C001,2024-06-04,2,tablet,morning,1843,27,1.47,49.24,0,0,1.82
P00224,A004,C001,2024-06-04,2,tablet,afternoon,2184,35,1.6,56.65,1,0.63,1.62
P00225,A004,C001,2024-06-04,2,tablet,night,2104,22,1.05,56.1,0,0,2.55
P00226,A004,C001,2024-06-05,3,mobile,morning,3415,291,8.52,88.24,41,14.66,0.3
P00227,A004,C001,2024-06-05,3,mobile,afternoon,4027,366,9.09,90.27,54,21.49,0.25
P00228,A004,C001,2024-06-05,3,mobile,night,3282,254,7.74,86.15,33,12.98,0.34
P00229,A004,C001,2024-06-05,3,desktop,morning,3046,87,2.86,83.83,4,1.53,0.96
P00230,A004,C001,2024-06-05,3,desktop,afternoon,2806,76,2.71,80.83,4,1.65,1.06
P00231,A004,C001,2024-06-05,3,desktop,night,3266,79,2.42,77.51,3,1.42,0.98
P00232,A004,C001,2024-06-05,3,tablet,morning,1845,24,1.3,48.22,0,0,2.01
P00233,A004,C001,2024-06-05,3,tablet,afternoon,2116,28,1.32,49.58,0,0,1.77
P00234,A004,C001,2024-06-05,3,tablet,night,1937,22,1.14,46.43,0,0,2.11
P00235,A004,C001,2024-06-06,4,mobile,morning,3261,281,8.62,85.28,40,17.09,0.3
P00236,A004,C001,2024-06-06,4,mobile,afternoon,3699,357,9.65,99.27,52,19.66,0.28
P00237,A004,C001,2024-06-06,4,mobile,night,3292,213,6.47,101.82,30,10.47,0.48
P00238,A004,C001,2024-06-06,4,desktop,morning,3199,91,2.84,77.05,4,1.64,0.85
P00239,A004,C001,2024-06-06,4,desktop,afternoon,3011,96,3.19,80.83,5,2.35,0.84
P00240,A004,C001,2024-06-06,4,desktop,night,2833,74,2.61,73.76,3,1.43,1
P00241,A004,C001,2024-06-06,4,tablet,morning,1983,25,1.26,48.9,0,0,1.96
P00242,A004,C001,2024-06-06,4,tablet,afternoon,2039,27,1.32,50.98,0,0,1.89
P00243,A004,C001,2024-06-06,4,tablet,night,2145,28,1.31,54.71,0,0,1.95
P00244,A004,C001,2024-06-07,5,mobile,morning,3430,285,8.31,98.25,43,14.33,0.34
P00245,A004,C001,2024-06-07,5,mobile,afternoon,3941,352,8.93,98.12,60,21.18,0.28
P00246,A004,C001,2024-06-07,5,mobile,night,4075,303,7.44,95.48,41,16.12,0.32
P00247,A004,C001,2024-06-07,5,desktop,morning,3240,80,2.47,70.46,3,1.43,0.88
P00248,A004,C001,2024-06-07,5,desktop,afternoon,2974,79,2.66,78.74,4,1.76,1
P00249,A004,C001,2024-06-07,5,desktop,night,2809,74,2.63,70.62,3,1.59,0.95
P00250,A004,C001,2024-06-07,5,tablet,morning,2090,28,1.34,50.41,0,0,1.8
P00251,A004,C001,2024-06-07,5,tablet,afternoon,2227,32,1.44,54.64,0,0,1.71
P00252,A004,C001,2024-06-07,5,tablet,night,2022,22,1.09,45.51,0,0,2.07
P00253,A005,C002,2024-06-01,6,mobile,morning,2423,20,0.83,55.22,0,0,2.76
P00254,A005,C002,2024-06-01,6,mobile,afternoon,2271,154,6.78,55.02,17,23.64,0.36
P00255,A005,C002,2024-06-01,6,mobile,night,2254,50,2.22,61.34,2,2.69,1.23
P00256,A005,C002,2024-06-01,6,desktop,morning,1755,14,0.8,53.12,0,0,3.79
P00257,A005,C002,2024-06-01,6,desktop,afternoon,2032,166,8.17,55.5,20,29.31,0.33
P00258,A005,C002,2024-06-01,6,desktop,night,1790,44,2.46,56.66,2,2.76,1.29
P00259,A005,C002,2024-06-01,6,tablet,morning,1296,10,0.77,31.46,0,0,3.15
P00260,A005,C002,2024-06-01,6,tablet,afternoon,1363,86,6.31,35.56,9,21,0.41
P00261,A005,C002,2024-06-01,6,tablet,night,1275,27,2.12,32.36,0,0,1.2
P00262,A005,C002,2024-06-02,7,mobile,morning,2128,16,0.75,66.37,0,0,4.15
P00263,A005,C002,2024-06-02,7,mobile,afternoon,2104,128,6.08,64.88,13,16.9,0.51
P00264,A005,C002,2024-06-02,7,mobile,night,2490,63,2.53,53.28,2,3.16,0.85
P00265,A005,C002,2024-06-02,7,desktop,morning,1785,16,0.9,46.81,0,0,2.93
P00266,A005,C002,2024-06-02,7,desktop,afternoon,2104,144,6.84,50.18,18,29.71,0.35
P00267,A005,C002,2024-06-02,7,desktop,night,1835,46,2.51,48.31,2,3.28,1.05
P00268,A005,C002,2024-06-02,7,tablet,morning,1278,9,0.7,35.4,0,0,3.93
P00269,A005,C002,2024-06-02,7,tablet,afternoon,1227,82,6.68,36.79,8,16.64,0.45
P00270,A005,C002,2024-06-02,7,tablet,night,1231,26,2.11,36.65,1,2.31,1.41
P00271,A005,C002,2024-06-03,1,mobile,morning,2104,14,0.67,61.96,0,0,4.43
P00272,A005,C002,2024-06-03,1,mobile,afternoon,2085,133,6.38,64.98,13,16.85,0.49
P00273,A005,C002,2024-06-03,1,mobile,night,2179,48,2.2,54.86,1,1.59,1.14
P00274,A005,C002,2024-06-03,1,desktop,morning,1828,14,0.77,49.1,0,0,3.51
P00275,A005,C002,2024-06-03,1,desktop,afternoon,1960,119,6.07,56.99,13,16.53,0.48
P00276,A005,C002,2024-06-03,1,desktop,night,2161,52,2.41,52.77,2,2.81,1.01
P00277,A005,C002,2024-06-03,1,tablet,morning,1202,8,0.67,34.51,0,0,4.31
P00278,A005,C002,2024-06-03,1,tablet,afternoon,1252,58,4.63,29.63,5,14.4,0.51
P00279,A005,C002,2024-06-03,1,tablet,night,1282,24,1.87,33.18,0,0,1.38
P00280,A005,C002,2024-06-04,2,mobile,morning,2194,14,0.64,58.78,0,0,4.2
P00281,A005,C002,2024-06-04,2,mobile,afternoon,2089,135,6.46,61.32,12,15.7,0.45
P00282,A005,C002,2024-06-04,2,mobile,night,2162,40,1.85,58.91,1,1.29,1.47
P00283,A005,C002,2024-06-04,2,desktop,morning,1920,16,0.83,45.87,0,0,2.87
P00284,A005,C002,2024-06-04,2,desktop,afternoon,1971,128,6.49,56.91,14,19.25,0.44
P00285,A005,C002,2024-06-04,2,desktop,night,1945,44,2.26,56.82,1,1.27,1.29
P00286,A005,C002,2024-06-04,2,tablet,morning,1355,8,0.59,34.8,0,0,4.35
P00287,A005,C002,2024-06-04,2,tablet,afternoon,1339,68,5.08,29.36,6,17.37,0.43
P00288,A005,C002,2024-06-04,2,tablet,night,1168,22,1.88,32.68,0,0,1.49
P00289,A005,C002,2024-06-05,3,mobile,morning,2477,16,0.65,63.9,0,0,3.99
P00290,A005,C002,2024-06-05,3,mobile,afternoon,2052,112,5.46,53.34,12,18.05,0.48
P00291,A005,C002,2024-06-05,3,mobile,night,2575,52,2.02,56.38,1,1.33,1.08
P00292,A005,C002,2024-06-05,3,desktop,morning,1891,16,0.85,55.41,0,0,3.46
P00293,A005,C002,2024-06-05,3,desktop,afternoon,1897,134,7.06,53.92,16,23.2,0.4
P00294,A005,C002,2024-06-05,3,desktop,night,2182,48,2.2,50.91,2,3.15,1.06
P00295,A005,C002,2024-06-05,3,tablet,morning,1359,9,0.66,29.63,0,0,3.29
P00296,A005,C002,2024-06-05,3,tablet,afternoon,1281,65,5.07,29.64,6,15.57,0.46
P00297,A005,C002,2024-06-05,3,tablet,night,1298,23,1.77,34.46,0,0,1.5
P00298,A005,C002,2024-06-06,4,mobile,morning,2509,17,0.68,67.09,0,0,3.95
P00299,A005,C002,2024-06-06,4,mobile,afternoon,2552,135,5.29,61.91,13,17.81,0.46
P00300,A005,C002,2024-06-06,4,mobile,night,2404,54,2.25,54.79,1,1.54,1.01
P00301,A005,C002,2024-06-06,4,desktop,morning,1740,12,0.69,54.35,0,0,4.53
P00302,A005,C002,2024-06-06,4,desktop,afternoon,1990,132,6.63,53.13,16,23.48,0.4
P00303,A005,C002,2024-06-06,4,desktop,night,2082,47,2.26,51.3,1,1.61,1.09
P00304,A005,C002,2024-06-06,4,tablet,morning,1191,7,0.59,34.83,0,0,4.98
P00305,A005,C002,2024-06-06,4,tablet,afternoon,1286,64,4.98,31.07,5,14.15,0.49
P00306,A005,C002,2024-06-06,4,tablet,night,1202,24,2,32.89,0,0,1.37
P00307,A005,C002,2024-06-07,5,mobile,morning,2278,18,0.79,59.14,0,0,3.29
P00308,A005,C002,2024-06-07,5,mobile,afternoon,2496,140,5.61,57.74,12,16.77,0.41
P00309,A005,C002,2024-06-07,5,mobile,night,2521,55,2.18,62.98,2,2.61,1.15
P00310,A005,C002,2024-06-07,5,desktop,morning,2097,17,0.81,46.31,0,0,2.72
P00311,A005,C002,2024-06-07,5,desktop,afternoon,2095,120,5.73,51.6,13,21.38,0.43
P00312,A005,C002,2024-06-07,5,desktop,night,1983,45,2.27,45.88,1,1.92,1.02
P00313,A005,C002,2024-06-07,5,tablet,morning,1334,8,0.6,35.09,0,0,4.39
P00314,A005,C002,2024-06-07,5,tablet,afternoon,1411,77,5.46,32.57,7,16.66,0.42
P00315,A005,C002,2024-06-07,5,tablet,night,1382,26,1.88,34.07,0,0,1.31
P00316,A006,C002,2024-06-01,6,mobile,morning,2653,21,0.79,57.13,0,0,2.72
P00317,A006,C002,2024-06-01,6,mobile,afternoon,2312,172,7.44,60.47,23,32.83,0.35
P00318,A006,C002,2024-06-01,6,mobile,night,2615,60,2.29,64.83,2,2.28,1.08
P00319,A006,C002,2024-06-01,6,desktop,morning,1955,19,0.97,53.4,0,0,2.81
P00320,A006,C002,2024-06-01,6,desktop,afternoon,1882,152,8.08,56.2,21,31.94,0.37
P00321,A006,C002,2024-06-01,6,desktop,night,2084,60,2.88,47.33,2,3.48,0.79
P00322,A006,C002,2024-06-01,6,tablet,morning,1352,11,0.81,36.75,0,0,3.34
P00323,A006,C002,2024-06-01,6,tablet,afternoon,1327,87,6.56,32.79,10,24.31,0.38
P00324,A006,C002,2024-06-01,6,tablet,night,1425,32,2.25,32.86,1,2.22,1.03
P00325,A006,C002,2024-06-02,7,mobile,morning,2379,21,0.88,58.33,0,0,2.78
P00326,A006,C002,2024-06-02,7,mobile,afternoon,2541,190,7.48,68.23,26,28.23,0.36
P00327,A006,C002,2024-06-02,7,mobile,night,2339,58,2.48,60.06,2,2.54,1.04
P00328,A006,C002,2024-06-02,7,desktop,morning,1928,17,0.88,50.68,0,0,2.98
P00329,A006,C002,2024-06-02,7,desktop,afternoon,1928,164,8.51,49.01,21,34.81,0.3
P00330,A006,C002,2024-06-02,7,desktop,night,1960,56,2.86,53.35,2,3,0.95
P00331,A006,C002,2024-06-02,7,tablet,morning,1267,8,0.63,38.22,0,0,4.78
P00332,A006,C002,2024-06-02,7,tablet,afternoon,1237,76,6.14,30.81,8,22.36,0.41
P00333,A006,C002,2024-06-02,7,tablet,night,1377,30,2.18,34.84,1,2.26,1.16
P00334,A006,C002,2024-06-03,1,mobile,morning,2636,21,0.8,66.77,0,0,3.18
P00335,A006,C002,2024-06-03,1,mobile,afternoon,2455,140,5.7,63.59,13,16.37,0.45
P00336,A006,C002,2024-06-03,1,mobile,night,2568,51,1.99,70.16,1,1.05,1.38
P00337,A006,C002,2024-06-03,1,desktop,morning,2286,18,0.79,57.15,0,0,3.17
P00338,A006,C002,2024-06-03,1,desktop,afternoon,2178,137,6.29,53.49,16,21.75,0.39
P00339,A006,C002,2024-06-03,1,desktop,night,1873,42,2.24,53.04,1,1.54,1.26
P00340,A006,C002,2024-06-03,1,tablet,morning,1333,8,0.6,35.47,0,0,4.43
P00341,A006,C002,2024-06-03,1,tablet,afternoon,1404,74,5.27,33.18,7,16.99,0.45
P00342,A006,C002,2024-06-03,1,tablet,night,1394,25,1.79,37.15,0,0,1.49
P00343,A006,C002,2024-06-04,2,mobile,morning,2693,21,0.78,67.26,0,0,3.2
P00344,A006,C002,2024-06-04,2,mobile,afternoon,2140,131,6.12,69.83,15,18.13,0.53
P00345,A006,C002,2024-06-04,2,mobile,night,2459,55,2.24,64.05,1,1.28,1.16
P00346,A006,C002,2024-06-04,2,desktop,morning,2111,19,0.9,48.86,0,0,2.57
P00347,A006,C002,2024-06-04,2,desktop,afternoon,2273,140,6.16,47.21,15,23.65,0.34
P00348,A006,C002,2024-06-04,2,desktop,night,2146,49,2.28,56.89,2,3.02,1.16
P00349,A006,C002,2024-06-04,2,tablet,morning,1403,8,0.57,31.53,0,0,3.94
P00350,A006,C002,2024-06-04,2,tablet,afternoon,1379,77,5.58,32.99,6,15.75,0.43
P00351,A006,C002,2024-06-04,2,tablet,night,1277,23,1.8,36.79,0,0,1.6
P00352,A006,C002,2024-06-05,3,mobile,morning,2527,20,0.79,58.15,0,0,2.91
P00353,A006,C002,2024-06-05,3,mobile,afternoon,2255,155,6.87,59.74,15,18.91,0.39
P00354,A006,C002,2024-06-05,3,mobile,night,2533,51,2.01,60.51,2,2.8,1.19
P00355,A006,C002,2024-06-05,3,desktop,morning,1941,15,0.77,55.63,0,0,3.71
P00356,A006,C002,2024-06-05,3,desktop,afternoon,2209,166,7.51,57.27,18,24.08,0.35
P00357,A006,C002,2024-06-05,3,desktop,night,2158,48,2.22,52.63,1,1.51,1.1
P00358,A006,C002,2024-06-05,3,tablet,morning,1233,8,0.65,38.12,0,0,4.76
P00359,A006,C002,2024-06-05,3,tablet,afternoon,1365,77,5.64,32.4,7,17.39,0.42
P00360,A006,C002,2024-06-05,3,tablet,night,1372,23,1.68,33.82,0,0,1.47
P00361,A006,C002,2024-06-06,4,mobile,morning,2571,17,0.66,63.55,0,0,3.74
P00362,A006,C002,2024-06-06,4,mobile,afternoon,2667,179,6.71,62.45,17,23.8,0.35
P00363,A006,C002,2024-06-06,4,mobile,night,2311,50,2.16,68.94,1,1.18,1.38
P00364,A006,C002,2024-06-06,4,desktop,morning,2070,18,0.87,58.96,0,0,3.28
P00365,A006,C002,2024-06-06,4,desktop,afternoon,2241,140,6.25,58.75,18,24.01,0.42
P00366,A006,C002,2024-06-06,4,desktop,night,2050,52,2.54,59.29,2,2.9,1.14
P00367,A006,C002,2024-06-06,4,tablet,morning,1171,8,0.68,31.28,0,0,3.91
P00368,A006,C002,2024-06-06,4,tablet,afternoon,1484,83,5.59,34.48,8,19.86,0.42
P00369,A006,C002,2024-06-06,4,tablet,night,1318,23,1.75,31.32,0,0,1.36
P00370,A006,C002,2024-06-07,5,mobile,morning,2274,16,0.7,66.36,0,0,4.15
P00371,A006,C002,2024-06-07,5,mobile,afternoon,2564,146,5.69,68.16,17,21.26,0.47
P00372,A006,C002,2024-06-07,5,mobile,night,2423,46,1.9,65.34,1,1.14,1.42
P00373,A006,C002,2024-06-07,5,desktop,morning,1965,15,0.76,50.31,0,0,3.35
P00374,A006,C002,2024-06-07,5,desktop,afternoon,2276,147,6.46,56.23,15,22,0.38
P00375,A006,C002,2024-06-07,5,desktop,night,2147,44,2.05,48.48,1,1.62,1.1
P00376,A006,C002,2024-06-07,5,tablet,morning,1329,10,0.75,36.22,0,0,3.62
P00377,A006,C002,2024-06-07,5,tablet,afternoon,1460,77,5.27,35.48,6,12.54,0.46
P00378,A006,C002,2024-06-07,5,tablet,night,1217,24,1.97,35.41,0,0,1.48
P00379,A007,C002,2024-06-01,6,mobile,morning,2484,23,0.93,59.7,0,0,2.6
P00380,A007,C002,2024-06-01,6,mobile,afternoon,2683,174,6.49,63.21,23,26.65,0.36
P00381,A007,C002,2024-06-01,6,mobile,night,2500,55,2.2,64.76,2,2.51,1.18
P00382,A007,C002,2024-06-01,6,desktop,morning,1917,18,0.94,54.69,0,0,3.04
P00383,A007,C002,2024-06-01,6,desktop,afternoon,2134,153,7.17,54.56,22,31.96,0.36
P00384,A007,C002,2024-06-01,6,desktop,night,2099,56,2.67,48.64,2,3.49,0.87
P00385,A007,C002,2024-06-01,6,tablet,morning,1426,11,0.77,37.89,0,0,3.44
P00386,A007,C002,2024-06-01,6,tablet,afternoon,1206,75,6.22,31.53,9,24.82,0.42
P00387,A007,C002,2024-06-01,6,tablet,night,1214,30,2.47,31.26,1,2.7,1.04
P00388,A007,C002,2024-06-02,7,mobile,morning,2619,26,0.99,66.27,0,0,2.55
P00389,A007,C002,2024-06-02,7,mobile,afternoon,2393,188,7.86,70.28,23,27.14,0.37
P00390,A007,C002,2024-06-02,7,mobile,night,2558,64,2.5,66.38,2,2.26,1.04
P00391,A007,C002,2024-06-02,7,desktop,morning,2111,21,0.99,57.4,0,0,2.73
P00392,A007,C002,2024-06-02,7,desktop,afternoon,1853,140,7.56,56.69,19,26.98,0.4
P00393,A007,C002,2024-06-02,7,desktop,night,2255,58,2.57,52.41,2,3.32,0.9
P00394,A007,C002,2024-06-02,7,tablet,morning,1427,10,0.7,37.83,0,0,3.78
P00395,A007,C002,2024-06-02,7,tablet,afternoon,1479,85,5.75,32.73,8,17.73,0.39
P00396,A007,C002,2024-06-02,7,tablet,night,1386,32,2.31,31.4,1,2.5,0.98
P00397,A007,C002,2024-06-03,1,mobile,morning,2305,16,0.69,69.61,0,0,4.35
P00398,A007,C002,2024-06-03,1,mobile,afternoon,2337,158,6.76,67.58,16,19.31,0.43
P00399,A007,C002,2024-06-03,1,mobile,night,2564,53,2.07,60.98,1,1.35,1.15
P00400,A007,C002,2024-06-03,1,desktop,morning,1952,16,0.82,48.69,0,0,3.04
P00401,A007,C002,2024-06-03,1,desktop,afternoon,2299,164,7.13,53.47,19,31.11,0.33
P00402,A007,C002,2024-06-03,1,desktop,night,2314,57,2.46,58.15,2,2.71,1.02
P00403,A007,C002,2024-06-03,1,tablet,morning,1240,8,0.65,37.36,0,0,4.67
P00404,A007,C002,2024-06-03,1,tablet,afternoon,1289,76,5.9,37.8,8,17.14,0.5
P00405,A007,C002,2024-06-03,1,tablet,night,1506,29,1.93,32.12,0,0,1.11
P00406,A007,C002,2024-06-04,2,mobile,morning,2549,22,0.86,69.36,0,0,3.15
P00407,A007,C002,2024-06-04,2,mobile,afternoon,2279,135,5.92,66.69,15,19.34,0.49
P00408,A007,C002,2024-06-04,2,mobile,night,2278,52,2.28,67.47,1,1.18,1.3
P00409,A007,C002,2024-06-04,2,desktop,morning,2278,18,0.79,60.39,0,0,3.35
P00410,A007,C002,2024-06-04,2,desktop,afternoon,2325,146,6.28,60.95,17,21.16,0.42
P00411,A007,C002,2024-06-04,2,desktop,night,2145,47,2.19,59.84,1,1.41,1.27
P00412,A007,C002,2024-06-04,2,tablet,morning,1315,9,0.68,34.02,0,0,3.78
P00413,A007,C002,2024-06-04,2,tablet,afternoon,1353,69,5.1,39.28,6,13.05,0.57
P00414,A007,C002,2024-06-04,2,tablet,night,1489,28,1.88,34.49,0,0,1.23
P00415,A007,C002,2024-06-05,3,mobile,morning,2253,16,0.71,70.71,0,0,4.42
P00416,A007,C002,2024-06-05,3,mobile,afternoon,2257,136,6.03,62.18,16,20.58,0.46
P00417,A007,C002,2024-06-05,3,mobile,night,2553,57,2.23,60.3,2,2.9,1.06
P00418,A007,C002,2024-06-05,3,desktop,morning,2164,18,0.83,50.09,0,0,2.78
P00419,A007,C002,2024-06-05,3,desktop,afternoon,2203,152,6.9,59.87,18,24.73,0.39
P00420,A007,C002,2024-06-05,3,desktop,night,1871,39,2.08,58.95,1,1.4,1.51
P00421,A007,C002,2024-06-05,3,tablet,morning,1440,9,0.62,38.11,0,0,4.23
P00422,A007,C002,2024-06-05,3,tablet,afternoon,1194,67,5.61,34.14,6,14.53,0.51
P00423,A007,C002,2024-06-05,3,tablet,night,1392,27,1.94,35.11,0,0,1.3
P00424,A007,C002,2024-06-06,4,mobile,morning,2174,17,0.78,60.56,0,0,3.56
P00425,A007,C002,2024-06-06,4,mobile,afternoon,2647,173,6.54,68.73,20,21.45,0.4
P00426,A007,C002,2024-06-06,4,mobile,night,2223,44,1.98,59.29,1,1.43,1.35
P00427,A007,C002,2024-06-06,4,desktop,morning,1976,16,0.81,52.76,0,0,3.3
P00428,A007,C002,2024-06-06,4,desktop,afternoon,2339,151,6.46,56.83,19,27.57,0.38
P00429,A007,C002,2024-06-06,4,desktop,night,2273,57,2.51,49.11,2,3.29,0.86
P00430,A007,C002,2024-06-06,4,tablet,morning,1210,7,0.58,32.44,0,0,4.63
P00431,A007,C002,2024-06-06,4,tablet,afternoon,1446,83,5.74,38.24,7,14.73,0.46
P00432,A007,C002,2024-06-06,4,tablet,night,1205,21,1.74,38.32,0,0,1.82
P00433,A007,C002,2024-06-07,5,mobile,morning,2194,15,0.68,70.56,0,0,4.7
P00434,A007,C002,2024-06-07,5,mobile,afternoon,2186,151,6.91,61.17,18,23.95,0.41
P00435,A007,C002,2024-06-07,5,mobile,night,2611,59,2.26,62.46,2,2.39,1.06
P00436,A007,C002,2024-06-07,5,desktop,morning,1962,18,0.92,52.97,0,0,2.94
P00437,A007,C002,2024-06-07,5,desktop,afternoon,2221,140,6.3,60.8,17,22.37,0.43
P00438,A007,C002,2024-06-07,5,desktop,night,2331,49,2.1,53.6,2,2.89,1.09
P00439,A007,C002,2024-06-07,5,tablet,morning,1441,11,0.76,34.34,0,0,3.12
P00440,A007,C002,2024-06-07,5,tablet,afternoon,1280,81,6.33,35.13,7,17.35,0.43
P00441,A007,C002,2024-06-07,5,tablet,night,1332,27,2.03,36.57,0,0,1.35
P00442,A008,C002,2024-06-01,6,mobile,morning,3019,28,0.93,68.49,0,0,2.45
P00443,A008,C002,2024-06-01,6,mobile,afternoon,3037,245,8.07,67.63,31,35.26,0.28
P00444,A008,C002,2024-06-01,6,mobile,night,2775,76,2.74,68.1,3,3.49,0.9
P00445,A008,C002,2024-06-01,6,desktop,morning,2473,28,1.13,56.26,0,0,2.01
P00446,A008,C002,2024-06-01,6,desktop,afternoon,2499,222,8.88,61.73,34,43.07,0.28
P00447,A008,C002,2024-06-01,6,desktop,night,2198,77,3.5,69.66,4,4.66,0.9
P00448,A008,C002,2024-06-01,6,tablet,morning,1454,13,0.89,37.52,0,0,2.89
P00449,A008,C002,2024-06-01,6,tablet,afternoon,1414,105,7.43,40.3,13,23.62,0.38
P00450,A008,C002,2024-06-01,6,tablet,night,1485,36,2.42,42.31,1,1.78,1.18
P00451,A008,C002,2024-06-02,7,mobile,morning,2601,26,1,82.73,0,0,3.18
P00452,A008,C002,2024-06-02,7,mobile,afternoon,3082,249,8.08,71.72,39,46.63,0.29
P00453,A008,C002,2024-06-02,7,mobile,night,3199,84,2.63,71.47,4,4.21,0.85
P00454,A008,C002,2024-06-02,7,desktop,morning,2332,30,1.29,70.62,0,0,2.35
P00455,A008,C002,2024-06-02,7,desktop,afternoon,2436,230,9.44,59.56,36,51.42,0.26
P00456,A008,C002,2024-06-02,7,desktop,night,2378,68,2.86,64.46,3,3.76,0.95
P00457,A008,C002,2024-06-02,7,tablet,morning,1648,15,0.91,45.54,0,0,3.04
P00458,A008,C002,2024-06-02,7,tablet,afternoon,1556,112,7.2,42.98,16,31.54,0.38
P00459,A008,C002,2024-06-02,7,tablet,night,1545,40,2.59,42.39,1,1.95,1.06
P00460,A008,C002,2024-06-03,1,mobile,morning,3020,29,0.96,67.05,0,0,2.31
P00461,A008,C002,2024-06-03,1,mobile,afternoon,2804,206,7.35,82.22,27,26.5,0.4
P00462,A008,C002,2024-06-03,1,mobile,night,3072,75,2.44,81.77,3,3.02,1.09
P00463,A008,C002,2024-06-03,1,desktop,morning,2198,23,1.05,65.88,0,0,2.86
P00464,A008,C002,2024-06-03,1,desktop,afternoon,2174,196,9.02,66.19,27,34.28,0.34
P00465,A008,C002,2024-06-03,1,desktop,night,2714,74,2.73,56.03,3,4.29,0.76
P00466,A008,C002,2024-06-03,1,tablet,morning,1587,13,0.82,41.82,0,0,3.22
P00467,A008,C002,2024-06-03,1,tablet,afternoon,1683,113,6.71,41.08,12,21.15,0.36
P00468,A008,C002,2024-06-03,1,tablet,night,1429,31,2.17,45.63,1,1.91,1.47
P00469,A008,C002,2024-06-04,2,mobile,morning,2625,23,0.88,73.88,0,0,3.21
P00470,A008,C002,2024-06-04,2,mobile,afternoon,2856,206,7.21,78.21,25,24.55,0.38
P00471,A008,C002,2024-06-04,2,mobile,night,3086,70,2.27,80.94,3,3.07,1.16
P00472,A008,C002,2024-06-04,2,desktop,morning,2244,25,1.11,59.58,0,0,2.38
P00473,A008,C002,2024-06-04,2,desktop,afternoon,2476,222,8.97,59.4,30,37.85,0.27
P00474,A008,C002,2024-06-04,2,desktop,night,2523,69,2.73,56.31,3,4,0.82
P00475,A008,C002,2024-06-04,2,tablet,morning,1614,12,0.74,43.1,0,0,3.59
P00476,A008,C002,2024-06-04,2,tablet,afternoon,1696,100,5.9,37.15,12,24.22,0.37
P00477,A008,C002,2024-06-04,2,tablet,night,1513,34,2.25,38.73,1,2.08,1.14
P00478,A008,C002,2024-06-05,3,mobile,morning,2968,27,0.91,76.68,0,0,2.84
P00479,A008,C002,2024-06-05,3,mobile,afternoon,3110,235,7.56,80.31,31,29.63,0.34
P00480,A008,C002,2024-06-05,3,mobile,night,2951,67,2.27,68.12,2,2.26,1.02
P00481,A008,C002,2024-06-05,3,desktop,morning,2255,23,1.02,63.65,0,0,2.77
P00482,A008,C002,2024-06-05,3,desktop,afternoon,2373,177,7.46,65.55,26,32.65,0.37
P00483,A008,C002,2024-06-05,3,desktop,night,2734,77,2.82,63.32,3,3.65,0.82
P00484,A008,C002,2024-06-05,3,tablet,morning,1561,11,0.7,39.69,0,0,3.61
P00485,A008,C002,2024-06-05,3,tablet,afternoon,1699,124,7.3,41.13,14,28.24,0.33
P00486,A008,C002,2024-06-05,3,tablet,night,1547,38,2.46,40.97,1,1.77,1.08
P00487,A008,C002,2024-06-06,4,mobile,morning,3052,26,0.85,70.65,0,0,2.72
P00488,A008,C002,2024-06-06,4,mobile,afternoon,2843,221,7.77,79.45,28,26.01,0.36
P00489,A008,C002,2024-06-06,4,mobile,night,2606,70,2.69,80.48,2,2.12,1.15
P00490,A008,C002,2024-06-06,4,desktop,morning,2173,23,1.06,64.19,0,0,2.79
P00491,A008,C002,2024-06-06,4,desktop,afternoon,2635,226,8.58,60.4,35,45.89,0.27
P00492,A008,C002,2024-06-06,4,desktop,night,2352,70,2.98,62.55,3,4.05,0.89
P00493,A008,C002,2024-06-06,4,tablet,morning,1480,13,0.88,41.94,0,0,3.23
P00494,A008,C002,2024-06-06,4,tablet,afternoon,1630,99,6.07,37.52,10,20.07,0.38
P00495,A008,C002,2024-06-06,4,tablet,night,1412,30,2.12,38.92,1,1.98,1.3
P00496,A008,C002,2024-06-07,5,mobile,morning,3013,26,0.86,70.51,0,0,2.71
P00497,A008,C002,2024-06-07,5,mobile,afternoon,2996,198,6.61,82.98,27,28.21,0.42
P00498,A008,C002,2024-06-07,5,mobile,night,3212,88,2.74,68,4,4.47,0.77
P00499,A008,C002,2024-06-07,5,desktop,morning,2565,27,1.05,67.47,0,0,2.5
P00500,A008,C002,2024-06-07,5,desktop,afternoon,2486,189,7.6,62.18,26,34.35,0.33
P00501,A008,C002,2024-06-07,5,desktop,night,2664,66,2.48,63.72,3,4.1,0.97
P00502,A008,C002,2024-06-07,5,tablet,morning,1530,14,0.92,39.37,0,0,2.81
P00503,A008,C002,2024-06-07,5,tablet,afternoon,1668,116,6.95,40.67,13,24.85,0.35
P00504,A008,C002,2024-06-07,5,tablet,night,1414,32,2.26,38.29,1,1.97,1.2
P00505,A009,C003,2024-06-01,6,mobile,morning,3004,7,0.23,22.29,0,0,3.18
P00506,A009,C003,2024-06-01,6,mobile,afternoon,2680,7,0.26,19.51,0,0,2.79
P00507,A009,C003,2024-06-01,6,mobile,night,2757,5,0.18,23.76,0,0,4.75
P00508,A009,C003,2024-06-01,6,desktop,morning,10302,272,2.64,76.23,4,0.54,0.28
P00509,A009,C003,2024-06-01,6,desktop,afternoon,8522,294,3.45,68.97,5,0.69,0.23
P00510,A009,C003,2024-06-01,6,desktop,night,8996,252,2.8,67.08,3,0.43,0.27
P00511,A009,C003,2024-06-01,6,tablet,morning,4214,25,0.59,32.78,0,0,1.31
P00512,A009,C003,2024-06-01,6,tablet,afternoon,3999,26,0.65,29.53,0,0,1.14
P00513,A009,C003,2024-06-01,6,tablet,night,4211,26,0.62,35.31,0,0,1.36
P00514,A009,C003,2024-06-02,7,mobile,morning,2497,5,0.2,23.09,0,0,4.62
P00515,A009,C003,2024-06-02,7,mobile,afternoon,3039,7,0.23,23.31,0,0,3.33
P00516,A009,C003,2024-06-02,7,mobile,night,3114,6,0.19,22.04,0,0,3.67
P00517,A009,C003,2024-06-02,7,desktop,morning,9148,274,3,75.17,4,0.52,0.27
P00518,A009,C003,2024-06-02,7,desktop,afternoon,9697,329,3.39,65.7,5,0.8,0.2
P00519,A009,C003,2024-06-02,7,desktop,night,9481,236,2.49,81.04,3,0.34,0.34
P00520,A009,C003,2024-06-02,7,tablet,morning,3806,22,0.58,32.01,0,0,1.45
P00521,A009,C003,2024-06-02,7,tablet,afternoon,4291,32,0.75,34.24,0,0,1.07
P00522,A009,C003,2024-06-02,7,tablet,night,4039,23,0.57,33.48,0,0,1.46
P00523,A009,C003,2024-06-03,1,mobile,morning,3050,7,0.23,21.85,0,0,3.12
P00524,A009,C003,2024-06-03,1,mobile,afternoon,2847,6,0.21,24.39,0,0,4.07
P00525,A009,C003,2024-06-03,1,mobile,night,2538,5,0.2,22.24,0,0,4.45
P00526,A009,C003,2024-06-03,1,desktop,morning,9867,270,2.74,77.66,3,0.35,0.29
P00527,A009,C003,2024-06-03,1,desktop,afternoon,8752,211,2.41,65.24,3,0.46,0.31
P00528,A009,C003,2024-06-03,1,desktop,night,9568,213,2.23,71.45,3,0.38,0.34
P00529,A009,C003,2024-06-03,1,tablet,morning,4057,23,0.57,29.92,0,0,1.3
P00530,A009,C003,2024-06-03,1,tablet,afternoon,3735,24,0.64,31.88,0,0,1.33
P00531,A009,C003,2024-06-03,1,tablet,night,4345,23,0.53,28.31,0,0,1.23
P00532,A009,C003,2024-06-04,2,mobile,morning,3016,5,0.17,19.71,0,0,3.94
P00533,A009,C003,2024-06-04,2,mobile,afternoon,2857,6,0.21,23.15,0,0,3.86
P00534,A009,C003,2024-06-04,2,mobile,night,2923,5,0.17,20.11,0,0,4.02
P00535,A009,C003,2024-06-04,2,desktop,morning,9912,258,2.6,67.1,3,0.47,0.26
P00536,A009,C003,2024-06-04,2,desktop,afternoon,8766,260,2.97,77.68,3,0.41,0.3
P00537,A009,C003,2024-06-04,2,desktop,night,8774,174,1.98,76.65,2,0.24,0.44
P00538,A009,C003,2024-06-04,2,tablet,morning,3978,21,0.53,31.6,0,0,1.5
P00539,A009,C003,2024-06-04,2,tablet,afternoon,3785,21,0.55,32.16,0,0,1.53
P00540,A009,C003,2024-06-04,2,tablet,night,4030,18,0.45,34.36,0,0,1.91
P00541,A009,C003,2024-06-05,3,mobile,morning,2706,5,0.18,24.14,0,0,4.83
P00542,A009,C003,2024-06-05,3,mobile,afternoon,3061,7,0.23,21.46,0,0,3.07
P00543,A009,C003,2024-06-05,3,mobile,night,2931,5,0.17,19.66,0,0,3.93
P00544,A009,C003,2024-06-05,3,desktop,morning,10177,232,2.28,78.26,4,0.56,0.34
P00545,A009,C003,2024-06-05,3,desktop,afternoon,8321,224,2.69,69.12,4,0.56,0.31
P00546,A009,C003,2024-06-05,3,desktop,night,9400,184,1.96,67.69,2,0.28,0.37
P00547,A009,C003,2024-06-05,3,tablet,morning,4140,23,0.56,32.3,0,0,1.4
P00548,A009,C003,2024-06-05,3,tablet,afternoon,3728,25,0.67,33.58,0,0,1.34
P00549,A009,C003,2024-06-05,3,tablet,night,3935,18,0.46,30.44,0,0,1.69
P00550,A009,C003,2024-06-06,4,mobile,morning,3085,5,0.16,22.7,0,0,4.54
P00551,A009,C003,2024-06-06,4,mobile,afternoon,2519,5,0.2,20.5,0,0,4.1
P00552,A009,C003,2024-06-06,4,mobile,night,3116,6,0.19,19.74,0,0,3.29
P00553,A009,C003,2024-06-06,4,desktop,morning,9326,241,2.58,70.7,4,0.52,0.29
P00554,A009,C003,2024-06-06,4,desktop,afternoon,8381,208,2.48,78.53,3,0.39,0.38
P00555,A009,C003,2024-06-06,4,desktop,night,9137,226,2.47,68.32,2,0.28,0.3
P00556,A009,C003,2024-06-06,4,tablet,morning,4312,25,0.58,33.39,0,0,1.34
P00557,A009,C003,2024-06-06,4,tablet,afternoon,3611,20,0.55,33.73,0,0,1.69
P00558,A009,C003,2024-06-06,4,tablet,night,3698,18,0.49,30.89,0,0,1.72
P00559,A009,C003,2024-06-07,5,mobile,morning,2589,5,0.19,20.65,0,0,4.13
P00560,A009,C003,2024-06-07,5,mobile,afternoon,2908,7,0.24,22.91,0,0,3.27
P00561,A009,C003,2024-06-07,5,mobile,night,2669,4,0.15,20.56,0,0,5.14
P00562,A009,C003,2024-06-07,5,desktop,morning,9676,225,2.33,81.52,3,0.36,0.36
P00563,A009,C003,2024-06-07,5,desktop,afternoon,9175,264,2.88,68.55,4,0.62,0.26
P00564,A009,C003,2024-06-07,5,desktop,night,8479,166,1.96,78.71,2,0.24,0.47
P00565,A009,C003,2024-06-07,5,tablet,morning,4334,23,0.53,32.59,0,0,1.42
P00566,A009,C003,2024-06-07,5,tablet,afternoon,3789,25,0.66,27.98,0,0,1.12
P00567,A009,C003,2024-06-07,5,tablet,night,3967,18,0.45,34.68,0,0,1.93
P00568,A010,C003,2024-06-01,6,mobile,morning,2405,4,0.17,19.42,0,0,4.86
P00569,A010,C003,2024-06-01,6,mobile,afternoon,2154,5,0.23,17.58,0,0,3.52
P00570,A010,C003,2024-06-01,6,mobile,night,2300,4,0.17,16.95,0,0,4.24
P00571,A010,C003,2024-06-01,6,desktop,morning,7697,187,2.43,64.38,2,0.3,0.34
P00572,A010,C003,2024-06-01,6,desktop,afternoon,7390,187,2.53,69.48,3,0.44,0.37
P00573,A010,C003,2024-06-01,6,desktop,night,8682,207,2.38,71.08,3,0.41,0.34
P00574,A010,C003,2024-06-01,6,tablet,morning,3545,20,0.56,30.29,0,0,1.51
P00575,A010,C003,2024-06-01,6,tablet,afternoon,3238,19,0.59,25.7,0,0,1.35
P00576,A010,C003,2024-06-01,6,tablet,night,3136,17,0.54,27.76,0,0,1.63
P00577,A010,C003,2024-06-02,7,mobile,morning,2704,5,0.18,19.8,0,0,3.96
P00578,A010,C003,2024-06-02,7,mobile,afternoon,2671,5,0.19,21.36,0,0,4.27
P00579,A010,C003,2024-06-02,7,mobile,night,2601,4,0.15,20.64,0,0,5.16
P00580,A010,C003,2024-06-02,7,desktop,morning,8275,220,2.66,66.62,3,0.41,0.3
P00581,A010,C003,2024-06-02,7,desktop,afternoon,8485,256,3.02,64.58,4,0.58,0.25
P00582,A010,C003,2024-06-02,7,desktop,night,9043,220,2.43,63.49,2,0.31,0.29
P00583,A010,C003,2024-06-02,7,tablet,morning,3163,16,0.51,25.7,0,0,1.61
P00584,A010,C003,2024-06-02,7,tablet,afternoon,3859,22,0.57,25.12,0,0,1.14
P00585,A010,C003,2024-06-02,7,tablet,night,3797,18,0.47,24.4,0,0,1.36
P00586,A010,C003,2024-06-03,1,mobile,morning,2588,5,0.19,20.73,0,0,4.15
P00587,A010,C003,2024-06-03,1,mobile,afternoon,2686,5,0.19,17.26,0,0,3.45
P00588,A010,C003,2024-06-03,1,mobile,night,2229,4,0.18,20.42,0,0,5.11
P00589,A010,C003,2024-06-03,1,desktop,morning,7462,179,2.4,66.56,2,0.32,0.37
P00590,A010,C003,2024-06-03,1,desktop,afternoon,7557,183,2.42,58.65,2,0.35,0.32
P00591,A010,C003,2024-06-03,1,desktop,night,7371,151,2.05,70.46,2,0.28,0.47
P00592,A010,C003,2024-06-03,1,tablet,morning,3924,21,0.54,24.47,0,0,1.17
P00593,A010,C003,2024-06-03,1,tablet,afternoon,3901,19,0.49,28,0,0,1.47
P00594,A010,C003,2024-06-03,1,tablet,night,3714,15,0.4,30.75,0,0,2.05
P00595,A010,C003,2024-06-04,2,mobile,morning,2188,4,0.18,19.72,0,0,4.93
P00596,A010,C003,2024-06-04,2,mobile,afternoon,2291,4,0.17,17.1,0,0,4.28
P00597,A010,C003,2024-06-04,2,mobile,night,2137,3,0.14,20.15,0,0,6.72
P00598,A010,C003,2024-06-04,2,desktop,morning,8082,169,2.09,64.31,2,0.31,0.38
P00599,A010,C003,2024-06-04,2,desktop,afternoon,8802,216,2.45,66.46,2,0.28,0.31
P00600,A010,C003,2024-06-04,2,desktop,night,8767,161,1.84,60.84,2,0.3,0.38
P00601,A010,C003,2024-06-04,2,tablet,morning,3230,15,0.46,29.1,0,0,1.94
P00602,A010,C003,2024-06-04,2,tablet,afternoon,3165,17,0.54,28.32,0,0,1.67
P00603,A010,C003,2024-06-04,2,tablet,night,3880,15,0.39,30.14,0,0,2.01
P00604,A010,C003,2024-06-05,3,mobile,morning,2257,3,0.13,19.99,0,0,6.66
P00605,A010,C003,2024-06-05,3,mobile,afternoon,2291,4,0.17,17.88,0,0,4.47
P00606,A010,C003,2024-06-05,3,mobile,night,2626,4,0.15,18.44,0,0,4.61
P00607,A010,C003,2024-06-05,3,desktop,morning,8410,185,2.2,59.02,2,0.32,0.32
P00608,A010,C003,2024-06-05,3,desktop,afternoon,7691,164,2.13,68.86,2,0.28,0.42
P00609,A010,C003,2024-06-05,3,desktop,night,8074,162,2.01,57.37,1,0.16,0.35
P00610,A010,C003,2024-06-05,3,tablet,morning,3832,18,0.47,27.2,0,0,1.51
P00611,A010,C003,2024-06-05,3,tablet,afternoon,3277,16,0.49,24.66,0,0,1.54
P00612,A010,C003,2024-06-05,3,tablet,night,3159,13,0.41,27.84,0,0,2.14
P00613,A010,C003,2024-06-06,4,mobile,morning,2459,4,0.16,20.54,0,0,5.13
P00614,A010,C003,2024-06-06,4,mobile,afternoon,2642,5,0.19,20.83,0,0,4.17
P00615,A010,C003,2024-06-06,4,mobile,night,2663,4,0.15,19.09,0,0,4.77
P00616,A010,C003,2024-06-06,4,desktop,morning,8440,187,2.22,57.81,2,0.32,0.31
P00617,A010,C003,2024-06-06,4,desktop,afternoon,9036,238,2.63,68.32,3,0.43,0.29
P00618,A010,C003,2024-06-06,4,desktop,night,9044,172,1.9,71.2,2,0.3,0.41
P00619,A010,C003,2024-06-06,4,tablet,morning,3304,17,0.51,30.3,0,0,1.78
P00620,A010,C003,2024-06-06,4,tablet,afternoon,3421,17,0.5,26.08,0,0,1.53
P00621,A010,C003,2024-06-06,4,tablet,night,3749,17,0.45,27.71,0,0,1.63
P00622,A010,C003,2024-06-07,5,mobile,morning,2223,4,0.18,20.27,0,0,5.07
P00623,A010,C003,2024-06-07,5,mobile,afternoon,2465,4,0.16,18.1,0,0,4.53
P00624,A010,C003,2024-06-07,5,mobile,night,2376,3,0.13,19.02,0,0,6.34
P00625,A010,C003,2024-06-07,5,desktop,morning,7659,151,1.97,65.27,2,0.28,0.43
P00626,A010,C003,2024-06-07,5,desktop,afternoon,8852,201,2.27,59.6,3,0.55,0.3
P00627,A010,C003,2024-06-07,5,desktop,night,8866,152,1.71,68.45,1,0.14,0.45
P00628,A010,C003,2024-06-07,5,tablet,morning,3500,18,0.51,24.91,0,0,1.38
P00629,A010,C003,2024-06-07,5,tablet,afternoon,3907,20,0.51,29.72,0,0,1.49
P00630,A010,C003,2024-06-07,5,tablet,night,3630,14,0.39,25.65,0,0,1.83
P00631,A011,C003,2024-06-01,6,mobile,morning,3873,13,0.34,28.07,0,0,2.16
P00632,A011,C003,2024-06-01,6,mobile,afternoon,3565,11,0.31,30.33,0,0,2.76
P00633,A011,C003,2024-06-01,6,mobile,night,3297,9,0.27,30.23,0,0,3.36
P00634,A011,C003,2024-06-01,6,desktop,morning,13055,498,3.81,88.17,12,1.36,0.18
P00635,A011,C003,2024-06-01,6,desktop,afternoon,12250,446,3.64,82.72,10,1.23,0.19
P00636,A011,C003,2024-06-01,6,desktop,night,10946,390,3.56,95.17,7,0.69,0.24
P00637,A011,C003,2024-06-01,6,tablet,morning,5628,49,0.87,42.23,0,0,0.86
P00638,A011,C003,2024-06-01,6,tablet,afternoon,4725,43,0.91,44.91,0,0,1.04
P00639,A011,C003,2024-06-01,6,tablet,night,5360,37,0.69,39.52,0,0,1.07
P00640,A011,C003,2024-06-02,7,mobile,morning,3788,10,0.26,30.73,0,0,3.07
P00641,A011,C003,2024-06-02,7,mobile,afternoon,3139,10,0.32,30.02,0,0,3
P00642,A011,C003,2024-06-02,7,mobile,night,3681,10,0.27,27.14,0,0,2.71
P00643,A011,C003,2024-06-02,7,desktop,morning,11770,446,3.79,100.48,9,0.82,0.23
P00644,A011,C003,2024-06-02,7,desktop,afternoon,11897,494,4.15,100.91,11,1.12,0.2
P00645,A011,C003,2024-06-02,7,desktop,night,12175,379,3.11,84.46,6,0.78,0.22
P00646,A011,C003,2024-06-02,7,tablet,morning,5314,48,0.9,38.08,0,0,0.79
P00647,A011,C003,2024-06-02,7,tablet,afternoon,4893,41,0.84,42.97,0,0,1.05
P00648,A011,C003,2024-06-02,7,tablet,night,5514,42,0.76,41.95,0,0,1
P00649,A011,C003,2024-06-03,1,mobile,morning,3692,11,0.3,26.35,0,0,2.4
P00650,A011,C003,2024-06-03,1,mobile,afternoon,3162,9,0.28,28.45,0,0,3.16
P00651,A011,C003,2024-06-03,1,mobile,night,3322,8,0.24,29.88,0,0,3.73
P00652,A011,C003,2024-06-03,1,desktop,morning,11885,407,3.42,100.85,8,0.74,0.25
P00653,A011,C003,2024-06-03,1,desktop,afternoon,10719,339,3.16,87.83,7,0.84,0.26
P00654,A011,C003,2024-06-03,1,desktop,night,10962,325,2.96,89.55,5,0.54,0.28
P00655,A011,C003,2024-06-03,1,tablet,morning,5442,37,0.68,43.19,0,0,1.17
P00656,A011,C003,2024-06-03,1,tablet,afternoon,4887,42,0.86,40.11,0,0,0.95
P00657,A011,C003,2024-06-03,1,tablet,night,5689,33,0.58,44.17,0,0,1.34
P00658,A011,C003,2024-06-04,2,mobile,morning,3458,8,0.23,24.97,0,0,3.12
P00659,A011,C003,2024-06-04,2,mobile,afternoon,3303,9,0.27,28.43,0,0,3.16
P00660,A011,C003,2024-06-04,2,mobile,night,3402,8,0.24,29.84,0,0,3.73
P00661,A011,C003,2024-06-04,2,desktop,morning,10944,357,3.26,82.14,6,0.77,0.23
P00662,A011,C003,2024-06-04,2,desktop,afternoon,10921,404,3.7,92.99,9,0.89,0.23
P00663,A011,C003,2024-06-04,2,desktop,night,12190,358,2.94,91.06,7,0.75,0.25
P00664,A011,C003,2024-06-04,2,tablet,morning,4571,30,0.66,39.17,0,0,1.31
P00665,A011,C003,2024-06-04,2,tablet,afternoon,5552,40,0.72,42.11,0,0,1.05
P00666,A011,C003,2024-06-04,2,tablet,night,5380,33,0.61,36.8,0,0,1.12
P00667,A011,C003,2024-06-05,3,mobile,morning,3275,9,0.27,26.61,0,0,2.96
P00668,A011,C003,2024-06-05,3,mobile,afternoon,3641,10,0.27,30.57,0,0,3.06
P00669,A011,C003,2024-06-05,3,mobile,night,3902,9,0.23,25.88,0,0,2.88
P00670,A011,C003,2024-06-05,3,desktop,morning,11589,342,2.95,98.31,6,0.64,0.29
P00671,A011,C003,2024-06-05,3,desktop,afternoon,12120,388,3.2,90.24,8,0.8,0.23
P00672,A011,C003,2024-06-05,3,desktop,night,12937,346,2.67,94,5,0.58,0.27
P00673,A011,C003,2024-06-05,3,tablet,morning,5341,40,0.75,35.74,0,0,0.89
P00674,A011,C003,2024-06-05,3,tablet,afternoon,4993,40,0.8,40.15,0,0,1
P00675,A011,C003,2024-06-05,3,tablet,night,5302,32,0.6,41.96,0,0,1.31
P00676,A011,C003,2024-06-06,4,mobile,morning,3649,9,0.25,30.19,0,0,3.35
P00677,A011,C003,2024-06-06,4,mobile,afternoon,3232,8,0.25,25.32,0,0,3.17
P00678,A011,C003,2024-06-06,4,mobile,night,3357,8,0.24,25.97,0,0,3.25
P00679,A011,C003,2024-06-06,4,desktop,morning,10553,333,3.16,86.68,7,0.78,0.26
P00680,A011,C003,2024-06-06,4,desktop,afternoon,10448,378,3.62,102.33,8,0.81,0.27
P00681,A011,C003,2024-06-06,4,desktop,night,10865,278,2.56,93.49,5,0.49,0.34
P00682,A011,C003,2024-06-06,4,tablet,morning,4840,32,0.66,45.14,0,0,1.41
P00683,A011,C003,2024-06-06,4,tablet,afternoon,4647,34,0.73,35.93,0,0,1.06
P00684,A011,C003,2024-06-06,4,tablet,night,4910,33,0.67,36.47,0,0,1.11
P00685,A011,C003,2024-06-07,5,mobile,morning,3860,10,0.26,25.76,0,0,2.58
P00686,A011,C003,2024-06-07,5,mobile,afternoon,3663,11,0.3,25.24,0,0,2.29
P00687,A011,C003,2024-06-07,5,mobile,night,3474,9,0.26,26.44,0,0,2.94
P00688,A011,C003,2024-06-07,5,desktop,morning,12718,416,3.27,99.87,7,0.73,0.24
P00689,A011,C003,2024-06-07,5,desktop,afternoon,10608,408,3.85,85.6,8,0.95,0.21
P00690,A011,C003,2024-06-07,5,desktop,night,12725,377,2.96,86.09,6,0.68,0.23
P00691,A011,C003,2024-06-07,5,tablet,morning,4560,34,0.75,43.68,0,0,1.28
P00692,A011,C003,2024-06-07,5,tablet,afternoon,5660,40,0.71,39.54,0,0,0.99
P00693,A011,C003,2024-06-07,5,tablet,night,4912,33,0.67,42.12,0,0,1.28
P00694,A012,C003,2024-06-01,6,mobile,morning,3627,10,0.28,24.57,0,0,2.46
P00695,A012,C003,2024-06-01,6,mobile,afternoon,2937,9,0.31,24.02,0,0,2.67
P00696,A012,C003,2024-06-01,6,mobile,night,3164,8,0.25,25.92,0,0,3.24
P00697,A012,C003,2024-06-01,6,desktop,morning,11219,342,3.05,92.36,7,0.81,0.27
P00698,A012,C003,2024-06-01,6,desktop,afternoon,9739,355,3.65,79.92,9,1.02,0.23
P00699,A012,C003,2024-06-01,6,desktop,night,10124,313,3.09,83.24,5,0.6,0.27
P00700,A012,C003,2024-06-01,6,tablet,morning,5039,37,0.73,40.09,0,0,1.08
P00701,A012,C003,2024-06-01,6,tablet,afternoon,4697,40,0.85,33.41,0,0,0.84
P00702,A012,C003,2024-06-01,6,tablet,night,4136,25,0.6,37.85,0,0,1.51
P00703,A012,C003,2024-06-02,7,mobile,morning,3260,8,0.25,26.62,0,0,3.33
P00704,A012,C003,2024-06-02,7,mobile,afternoon,2905,8,0.28,25.29,0,0,3.16
P00705,A012,C003,2024-06-02,7,mobile,night,3232,8,0.25,26.89,0,0,3.36
P00706,A012,C003,2024-06-02,7,desktop,morning,10122,323,3.19,91.97,7,0.73,0.28
P00707,A012,C003,2024-06-02,7,desktop,afternoon,10903,418,3.83,75.93,8,0.98,0.18
P00708,A012,C003,2024-06-02,7,desktop,night,11411,359,3.15,77.18,6,0.73,0.21
P00709,A012,C003,2024-06-02,7,tablet,morning,5185,38,0.73,36.55,0,0,0.96
P00710,A012,C003,2024-06-02,7,tablet,afternoon,4257,34,0.8,40.71,0,0,1.2
P00711,A012,C003,2024-06-02,7,tablet,night,5007,33,0.66,38.33,0,0,1.16
P00712,A012,C003,2024-06-03,1,mobile,morning,3253,8,0.25,22.8,0,0,2.85
P00713,A012,C003,2024-06-03,1,mobile,afternoon,3240,8,0.25,28.15,0,0,3.52
P00714,A012,C003,2024-06-03,1,mobile,night,3433,6,0.17,24.88,0,0,4.15
P00715,A012,C003,2024-06-03,1,desktop,morning,10857,305,2.81,95.03,6,0.66,0.31
P00716,A012,C003,2024-06-03,1,desktop,afternoon,10257,362,3.53,94.85,7,0.68,0.26
P00717,A012,C003,2024-06-03,1,desktop,night,10619,289,2.72,90.3,4,0.46,0.31
P00718,A012,C003,2024-06-03,1,tablet,morning,5107,35,0.69,40.79,0,0,1.17
P00719,A012,C003,2024-06-03,1,tablet,afternoon,4840,33,0.68,35.56,0,0,1.08
P00720,A012,C003,2024-06-03,1,tablet,night,4869,32,0.66,36.96,0,0,1.16
P00721,A012,C003,2024-06-04,2,mobile,morning,2953,7,0.24,25.45,0,0,3.64
P00722,A012,C003,2024-06-04,2,mobile,afternoon,3189,9,0.28,27.66,0,0,3.07
P00723,A012,C003,2024-06-04,2,mobile,night,3494,7,0.2,22.65,0,0,3.24
P00724,A012,C003,2024-06-04,2,desktop,morning,10065,308,3.06,78.29,5,0.61,0.25
P00725,A012,C003,2024-06-04,2,desktop,afternoon,11729,390,3.33,81.03,8,0.89,0.21
P00726,A012,C003,2024-06-04,2,desktop,night,11663,274,2.35,92.75,4,0.46,0.34
P00727,A012,C003,2024-06-04,2,tablet,morning,4973,33,0.66,34.6,0,0,1.05
P00728,A012,C003,2024-06-04,2,tablet,afternoon,4460,33,0.74,40.71,0,0,1.23
P00729,A012,C003,2024-06-04,2,tablet,night,5236,29,0.55,37.39,0,0,1.29
P00730,A012,C003,2024-06-05,3,mobile,morning,3348,8,0.24,27.84,0,0,3.48
P00731,A012,C003,2024-06-05,3,mobile,afternoon,3413,9,0.26,27.13,0,0,3.01
P00732,A012,C003,2024-06-05,3,mobile,night,3469,8,0.23,24.3,0,0,3.04
P00733,A012,C003,2024-06-05,3,desktop,morning,10031,267,2.66,85.51,4,0.46,0.32
P00734,A012,C003,2024-06-05,3,desktop,afternoon,10993,318,2.89,86.94,5,0.56,0.27
P00735,A012,C003,2024-06-05,3,desktop,night,11392,271,2.38,78.14,4,0.47,0.29
P00736,A012,C003,2024-06-05,3,tablet,morning,5187,35,0.67,38.36,0,0,1.1
P00737,A012,C003,2024-06-05,3,tablet,afternoon,4540,35,0.77,35.32,0,0,1.01
P00738,A012,C003,2024-06-05,3,tablet,night,4213,25,0.59,36.18,0,0,1.45
P00739,A012,C003,2024-06-06,4,mobile,morning,3036,7,0.23,24.54,0,0,3.51
P00740,A012,C003,2024-06-06,4,mobile,afternoon,3451,9,0.26,28.61,0,0,3.18
P00741,A012,C003,2024-06-06,4,mobile,night,2870,6,0.21,25.23,0,0,4.21
P00742,A012,C003,2024-06-06,4,desktop,morning,11161,358,3.21,88.96,6,0.73,0.25
P00743,A012,C003,2024-06-06,4,desktop,afternoon,12004,371,3.09,86.05,6,0.75,0.23
P00744,A012,C003,2024-06-06,4,desktop,night,11685,295,2.52,91.42,4,0.4,0.31
P00745,A012,C003,2024-06-06,4,tablet,morning,5149,31,0.6,37.05,0,0,1.2
P00746,A012,C003,2024-06-06,4,tablet,afternoon,5214,38,0.73,32.56,0,0,0.86
P00747,A012,C003,2024-06-06,4,tablet,night,5008,32,0.64,36.26,0,0,1.13
P00748,A012,C003,2024-06-07,5,mobile,morning,3412,9,0.26,27.26,0,0,3.03
P00749,A012,C003,2024-06-07,5,mobile,afternoon,3446,8,0.23,25.32,0,0,3.17
P00750,A012,C003,2024-06-07,5,mobile,night,2905,6,0.21,25.92,0,0,4.32
P00751,A012,C003,2024-06-07,5,desktop,morning,10218,287,2.81,87.89,5,0.51,0.31
P00752,A012,C003,2024-06-07,5,desktop,afternoon,11297,362,3.2,88.12,7,0.84,0.24
P00753,A012,C003,2024-06-07,5,desktop,night,11069,302,2.73,76.48,5,0.6,0.25
P00754,A012,C003,2024-06-07,5,tablet,morning,5023,31,0.62,33.26,0,0,1.07
P00755,A012,C003,2024-06-07,5,tablet,afternoon,4581,34,0.74,36.7,0,0,1.08
P00756,A012,C003,2024-06-07,5,tablet,night,4577,29,0.63,37.34,0,0,1.29
P00757,A013,C004,2024-06-01,6,mobile,morning,12930,83,0.64,87.89,0,0,1.06
P00758,A013,C004,2024-06-01,6,mobile,afternoon,11912,108,0.91,75.78,0,0,0.7
P00759,A013,C004,2024-06-01,6,mobile,night,11866,246,2.07,79.4,3,0.41,0.32
P00760,A013,C004,2024-06-01,6,desktop,morning,15093,159,1.05,114.97,1,0.08,0.72
P00761,A013,C004,2024-06-01,6,desktop,afternoon,14630,256,1.75,102.93,2,0.21,0.4
P00762,A013,C004,2024-06-01,6,desktop,night,17007,623,3.66,122.6,15,1.21,0.2
P00763,A013,C004,2024-06-01,6,tablet,morning,9256,47,0.51,58.07,0,0,1.24
P00764,A013,C004,2024-06-01,6,tablet,afternoon,9119,70,0.77,59.01,0,0,0.84
P00765,A013,C004,2024-06-01,6,tablet,night,9409,174,1.85,61.96,1,0.17,0.36
P00766,A013,C004,2024-06-02,7,mobile,morning,11212,68,0.61,84.62,0,0,1.24
P00767,A013,C004,2024-06-02,7,mobile,afternoon,11558,91,0.79,78.23,0,0,0.86
P00768,A013,C004,2024-06-02,7,mobile,night,11580,235,2.03,76,3,0.42,0.32
P00769,A013,C004,2024-06-02,7,desktop,morning,15541,162,1.04,105.89,1,0.09,0.65
P00770,A013,C004,2024-06-02,7,desktop,afternoon,16082,282,1.75,120.64,2,0.17,0.43
P00771,A013,C004,2024-06-02,7,desktop,night,14790,546,3.69,99.79,11,1,0.18
P00772,A013,C004,2024-06-02,7,tablet,morning,9163,43,0.47,66.07,0,0,1.54
P00773,A013,C004,2024-06-02,7,tablet,afternoon,10039,82,0.82,65.47,0,0,0.8
P00774,A013,C004,2024-06-02,7,tablet,night,9751,159,1.63,60.49,1,0.17,0.38
P00775,A013,C004,2024-06-03,1,mobile,morning,11171,57,0.51,83.52,0,0,1.47
P00776,A013,C004,2024-06-03,1,mobile,afternoon,12220,103,0.84,89.44,0,0,0.87
P00777,A013,C004,2024-06-03,1,mobile,night,11801,190,1.61,76.89,2,0.27,0.4
P00778,A013,C004,2024-06-03,1,desktop,morning,17441,173,0.99,110.64,1,0.09,0.64
P00779,A013,C004,2024-06-03,1,desktop,afternoon,15635,197,1.26,107.6,1,0.09,0.55
P00780,A013,C004,2024-06-03,1,desktop,night,17216,489,2.84,110.27,9,0.74,0.23
P00781,A013,C004,2024-06-03,1,tablet,morning,10202,45,0.44,67.96,0,0,1.51
P00782,A013,C004,2024-06-03,1,tablet,afternoon,9882,65,0.66,65.49,0,0,1.01
P00783,A013,C004,2024-06-03,1,tablet,night,8851,134,1.51,70.01,1,0.14,0.52
P00784,A013,C004,2024-06-04,2,mobile,morning,12910,67,0.52,80.37,0,0,1.2
P00785,A013,C004,2024-06-04,2,mobile,afternoon,11710,94,0.8,83.35,0,0,0.89
P00786,A013,C004,2024-06-04,2,mobile,night,10567,178,1.68,77.54,1,0.13,0.44
P00787,A013,C004,2024-06-04,2,desktop,morning,16499,141,0.85,103.89,0,0,0.74
P00788,A013,C004,2024-06-04,2,desktop,afternoon,15612,219,1.4,103.37,1,0.1,0.47
P00789,A013,C004,2024-06-04,2,desktop,night,13884,363,2.61,113.04,6,0.54,0.31
P00790,A013,C004,2024-06-04,2,tablet,morning,8135,38,0.47,57.89,0,0,1.52
P00791,A013,C004,2024-06-04,2,tablet,afternoon,10153,73,0.72,65.78,0,0,0.9
P00792,A013,C004,2024-06-04,2,tablet,night,9502,132,1.39,58.35,1,0.19,0.44
P00793,A013,C004,2024-06-05,3,mobile,morning,12797,61,0.48,89.91,0,0,1.47
P00794,A013,C004,2024-06-05,3,mobile,afternoon,12665,91,0.72,86.5,0,0,0.95
P00795,A013,C004,2024-06-05,3,mobile,night,11317,182,1.61,85.12,1,0.11,0.47
P00796,A013,C004,2024-06-05,3,desktop,morning,14208,124,0.87,120.66,0,0,0.97
P00797,A013,C004,2024-06-05,3,desktop,afternoon,14362,183,1.27,110.43,1,0.08,0.6
P00798,A013,C004,2024-06-05,3,desktop,night,16749,492,2.94,100.88,9,0.83,0.21
P00799,A013,C004,2024-06-05,3,tablet,morning,9374,47,0.5,70.97,0,0,1.51
P00800,A013,C004,2024-06-05,3,tablet,afternoon,9195,62,0.67,57.7,0,0,0.93
P00801,A013,C004,2024-06-05,3,tablet,night,9811,154,1.57,62.95,1,0.17,0.41
P00802,A013,C004,2024-06-06,4,mobile,morning,12499,68,0.54,75.27,0,0,1.11
P00803,A013,C004,2024-06-06,4,mobile,afternoon,11006,93,0.84,78.98,0,0,0.85
P00804,A013,C004,2024-06-06,4,mobile,night,10883,186,1.71,89.1,2,0.21,0.48
P00805,A013,C004,2024-06-06,4,desktop,morning,13826,134,0.97,116.08,0,0,0.87
P00806,A013,C004,2024-06-06,4,desktop,afternoon,14382,210,1.46,104.51,2,0.19,0.5
P00807,A013,C004,2024-06-06,4,desktop,night,15175,422,2.78,115.89,8,0.68,0.27
P00808,A013,C004,2024-06-06,4,tablet,morning,9770,45,0.46,62.78,0,0,1.4
P00809,A013,C004,2024-06-06,4,tablet,afternoon,8723,59,0.68,67.99,0,0,1.15
P00810,A013,C004,2024-06-06,4,tablet,night,9497,147,1.55,63.97,1,0.15,0.44
P00811,A013,C004,2024-06-07,5,mobile,morning,10955,55,0.5,80.08,0,0,1.46
P00812,A013,C004,2024-06-07,5,mobile,afternoon,12344,88,0.71,92.6,0,0,1.05
P00813,A013,C004,2024-06-07,5,mobile,night,10760,193,1.79,82.02,1,0.12,0.42
P00814,A013,C004,2024-06-07,5,desktop,morning,14101,117,0.83,107.99,0,0,0.92
P00815,A013,C004,2024-06-07,5,desktop,afternoon,15760,233,1.48,113.68,2,0.19,0.49
P00816,A013,C004,2024-06-07,5,desktop,night,16209,469,2.89,103.13,9,0.93,0.22
P00817,A013,C004,2024-06-07,5,tablet,morning,8677,36,0.41,66.34,0,0,1.84
P00818,A013,C004,2024-06-07,5,tablet,afternoon,8421,52,0.62,60.74,0,0,1.17
P00819,A013,C004,2024-06-07,5,tablet,night,10238,160,1.56,62.51,1,0.16,0.39
P00820,A014,C004,2024-06-01,6,mobile,morning,11516,57,0.49,69.6,0,0,1.22
P00821,A014,C004,2024-06-01,6,mobile,afternoon,11982,96,0.8,85.77,0,0,0.89
P00822,A014,C004,2024-06-01,6,mobile,night,10098,193,1.91,78.58,2,0.25,0.41
P00823,A014,C004,2024-06-01,6,desktop,morning,13157,118,0.9,97.84,0,0,0.83
P00824,A014,C004,2024-06-01,6,desktop,afternoon,16122,264,1.64,110.65,2,0.19,0.42
P00825,A014,C004,2024-06-01,6,desktop,night,16154,513,3.18,109.59,11,1.1,0.21
P00826,A014,C004,2024-06-01,6,tablet,morning,8391,41,0.49,61.29,0,0,1.49
P00827,A014,C004,2024-06-01,6,tablet,afternoon,7595,58,0.76,67.16,0,0,1.16
P00828,A014,C004,2024-06-01,6,tablet,night,8100,140,1.73,60.27,1,0.18,0.43
P00829,A014,C004,2024-06-02,7,mobile,morning,10238,51,0.5,80.41,0,0,1.58
P00830,A014,C004,2024-06-02,7,mobile,afternoon,12025,99,0.82,74.48,0,0,0.75
P00831,A014,C004,2024-06-02,7,mobile,night,12066,219,1.82,84.78,2,0.22,0.39
P00832,A014,C004,2024-06-02,7,desktop,morning,15350,167,1.09,95.68,1,0.1,0.57
P00833,A014,C004,2024-06-02,7,desktop,afternoon,14943,206,1.38,93.2,2,0.22,0.45
P00834,A014,C004,2024-06-02,7,desktop,night,15099,485,3.21,109.44,10,0.83,0.23
P00835,A014,C004,2024-06-02,7,tablet,morning,8439,43,0.51,59.93,0,0,1.39
P00836,A014,C004,2024-06-02,7,tablet,afternoon,9225,69,0.75,67.01,0,0,0.97
P00837,A014,C004,2024-06-02,7,tablet,night,7910,126,1.59,53.61,1,0.19,0.43
P00838,A014,C004,2024-06-03,1,mobile,morning,11003,53,0.48,75.22,0,0,1.42
P00839,A014,C004,2024-06-03,1,mobile,afternoon,12143,92,0.76,76.45,0,0,0.83
P00840,A014,C004,2024-06-03,1,mobile,night,10140,156,1.54,73.95,1,0.13,0.47
P00841,A014,C004,2024-06-03,1,desktop,morning,14698,120,0.82,102.21,0,0,0.85
P00842,A014,C004,2024-06-03,1,desktop,afternoon,14525,176,1.21,107.88,1,0.1,0.61
P00843,A014,C004,2024-06-03,1,desktop,night,13761,346,2.51,93.81,6,0.6,0.27
P00844,A014,C004,2024-06-03,1,tablet,morning,7661,31,0.4,56.23,0,0,1.81
P00845,A014,C004,2024-06-03,1,tablet,afternoon,7755,56,0.72,54.99,0,0,0.98
P00846,A014,C004,2024-06-03,1,tablet,night,8474,129,1.52,65.07,1,0.16,0.5
P00847,A014,C004,2024-06-04,2,mobile,morning,11643,53,0.46,78.34,0,0,1.48
P00848,A014,C004,2024-06-04,2,mobile,afternoon,11395,74,0.65,83,0,0,1.12
P00849,A014,C004,2024-06-04,2,mobile,night,10766,156,1.45,74.61,1,0.15,0.48
P00850,A014,C004,2024-06-04,2,desktop,morning,13684,105,0.77,93.56,0,0,0.89
P00851,A014,C004,2024-06-04,2,desktop,afternoon,13479,179,1.33,106.6,1,0.1,0.6
P00852,A014,C004,2024-06-04,2,desktop,night,14024,397,2.83,102.61,7,0.74,0.26
P00853,A014,C004,2024-06-04,2,tablet,morning,8233,34,0.41,61.93,0,0,1.82
P00854,A014,C004,2024-06-04,2,tablet,afternoon,9101,57,0.63,61.93,0,0,1.09
P00855,A014,C004,2024-06-04,2,tablet,night,7603,95,1.25,56.12,0,0,0.59
P00856,A014,C004,2024-06-05,3,mobile,morning,10289,51,0.5,72.95,0,0,1.43
P00857,A014,C004,2024-06-05,3,mobile,afternoon,10539,78,0.74,85.81,0,0,1.1
P00858,A014,C004,2024-06-05,3,mobile,night,9649,154,1.6,80.19,1,0.13,0.52
P00859,A014,C004,2024-06-05,3,desktop,morning,13065,104,0.8,93.11,0,0,0.9
P00860,A014,C004,2024-06-05,3,desktop,afternoon,14698,170,1.16,100.37,1,0.09,0.59
P00861,A014,C004,2024-06-05,3,desktop,night,13701,342,2.5,106.74,6,0.54,0.31
P00862,A014,C004,2024-06-05,3,tablet,morning,7961,32,0.4,61.86,0,0,1.93
P00863,A014,C004,2024-06-05,3,tablet,afternoon,7516,51,0.68,65.23,0,0,1.28
P00864,A014,C004,2024-06-05,3,tablet,night,9441,129,1.37,56.76,1,0.19,0.44
P00865,A014,C004,2024-06-06,4,mobile,morning,11414,50,0.44,79,0,0,1.58
P00866,A014,C004,2024-06-06,4,mobile,afternoon,11064,80,0.72,79.77,0,0,1
P00867,A014,C004,2024-06-06,4,mobile,night,11000,178,1.62,76.11,1,0.13,0.43
P00868,A014,C004,2024-06-06,4,desktop,morning,13844,106,0.77,110.71,0,0,1.04
P00869,A014,C004,2024-06-06,4,desktop,afternoon,14422,166,1.15,113.34,1,0.09,0.68
P00870,A014,C004,2024-06-06,4,desktop,night,12817,343,2.68,97.8,5,0.46,0.29
P00871,A014,C004,2024-06-06,4,tablet,morning,8218,35,0.43,60.91,0,0,1.74
P00872,A014,C004,2024-06-06,4,tablet,afternoon,8957,57,0.64,58.28,0,0,1.02
P00873,A014,C004,2024-06-06,4,tablet,night,7945,115,1.45,65.94,1,0.16,0.57
P00874,A014,C004,2024-06-07,5,mobile,morning,10334,52,0.5,82.91,0,0,1.59
P00875,A014,C004,2024-06-07,5,mobile,afternoon,10066,69,0.69,79.72,0,0,1.16
P00876,A014,C004,2024-06-07,5,mobile,night,11218,157,1.4,68.29,1,0.15,0.43
P00877,A014,C004,2024-06-07,5,desktop,morning,13434,105,0.78,97.22,0,0,0.93
P00878,A014,C004,2024-06-07,5,desktop,afternoon,13597,162,1.19,102.76,1,0.09,0.63
P00879,A014,C004,2024-06-07,5,desktop,night,15573,474,3.04,102.02,9,0.85,0.22
P00880,A014,C004,2024-06-07,5,tablet,morning,9174,44,0.48,53.64,0,0,1.22
P00881,A014,C004,2024-06-07,5,tablet,afternoon,8414,50,0.59,64.96,0,0,1.3
P00882,A014,C004,2024-06-07,5,tablet,night,7706,111,1.44,56.42,1,0.18,0.51
P00883,A015,C004,2024-06-01,6,mobile,morning,10732,65,0.61,91.17,0,0,1.4
P00884,A015,C004,2024-06-01,6,mobile,afternoon,12006,116,0.97,81.74,0,0,0.7
P00885,A015,C004,2024-06-01,6,mobile,night,10757,229,2.13,86.03,2,0.24,0.38
P00886,A015,C004,2024-06-01,6,desktop,morning,14948,181,1.21,124.1,1,0.07,0.69
P00887,A015,C004,2024-06-01,6,desktop,afternoon,16627,265,1.59,105.03,2,0.18,0.4
P00888,A015,C004,2024-06-01,6,desktop,night,17231,528,3.06,101.59,13,1.27,0.19
P00889,A015,C004,2024-06-01,6,tablet,morning,9616,51,0.53,60.02,0,0,1.18
P00890,A015,C004,2024-06-01,6,tablet,afternoon,9667,88,0.91,74.52,0,0,0.85
P00891,A015,C004,2024-06-01,6,tablet,night,9725,177,1.82,71.24,1,0.13,0.4
P00892,A015,C004,2024-06-02,7,mobile,morning,13482,89,0.66,90.88,0,0,1.02
P00893,A015,C004,2024-06-02,7,mobile,afternoon,11194,108,0.96,82.69,0,0,0.77
P00894,A015,C004,2024-06-02,7,mobile,night,12042,228,1.89,81.39,3,0.35,0.36
P00895,A015,C004,2024-06-02,7,desktop,morning,14901,159,1.07,120.5,1,0.09,0.76
P00896,A015,C004,2024-06-02,7,desktop,afternoon,17716,299,1.69,102.33,3,0.28,0.34
P00897,A015,C004,2024-06-02,7,desktop,night,15198,511,3.36,100.46,12,1.17,0.2
P00898,A015,C004,2024-06-02,7,tablet,morning,8690,42,0.48,72.28,0,0,1.72
P00899,A015,C004,2024-06-02,7,tablet,afternoon,9898,85,0.86,67.2,0,0,0.79
P00900,A015,C004,2024-06-02,7,tablet,night,9394,165,1.76,68.39,1,0.15,0.41
P00901,A015,C004,2024-06-03,1,mobile,morning,10955,59,0.54,76.7,0,0,1.3
P00902,A015,C004,2024-06-03,1,mobile,afternoon,13168,98,0.74,85.3,0,0,0.87
P00903,A015,C004,2024-06-03,1,mobile,night,13060,227,1.74,86.13,2,0.22,0.38
P00904,A015,C004,2024-06-03,1,desktop,morning,15596,154,0.99,102.38,1,0.09,0.66
P00905,A015,C004,2024-06-03,1,desktop,afternoon,16080,255,1.59,102.63,2,0.18,0.4
P00906,A015,C004,2024-06-03,1,desktop,night,16337,545,3.34,111.84,10,0.93,0.21
P00907,A015,C004,2024-06-03,1,tablet,morning,10129,46,0.45,59.24,0,0,1.29
P00908,A015,C004,2024-06-03,1,tablet,afternoon,10402,83,0.8,60.14,0,0,0.72
P00909,A015,C004,2024-06-03,1,tablet,night,8699,132,1.52,62.57,1,0.15,0.47
P00910,A015,C004,2024-06-04,2,mobile,morning,12807,67,0.52,77.5,0,0,1.16
P00911,A015,C004,2024-06-04,2,mobile,afternoon,11965,100,0.84,93.47,0,0,0.93
P00912,A015,C004,2024-06-04,2,mobile,night,11799,190,1.61,78.58,2,0.25,0.41
P00913,A015,C004,2024-06-04,2,desktop,morning,15542,143,0.92,127.6,0,0,0.89
P00914,A015,C004,2024-06-04,2,desktop,afternoon,17135,244,1.42,120.33,2,0.17,0.49
P00915,A015,C004,2024-06-04,2,desktop,night,15007,482,3.21,125.81,9,0.78,0.26
P00916,A015,C004,2024-06-04,2,tablet,morning,9281,43,0.46,70.2,0,0,1.63
P00917,A015,C004,2024-06-04,2,tablet,afternoon,9439,76,0.81,63.41,0,0,0.83
P00918,A015,C004,2024-06-04,2,tablet,night,10202,136,1.33,71.72,1,0.13,0.53
P00919,A015,C004,2024-06-05,3,mobile,morning,12240,66,0.54,94.35,0,0,1.43
P00920,A015,C004,2024-06-05,3,mobile,afternoon,11666,85,0.73,82.87,0,0,0.97
P00921,A015,C004,2024-06-05,3,mobile,night,12987,196,1.51,83.54,2,0.25,0.43
P00922,A015,C004,2024-06-05,3,desktop,morning,16978,175,1.03,105.18,1,0.1,0.6
P00923,A015,C004,2024-06-05,3,desktop,afternoon,16408,261,1.59,116.75,2,0.18,0.45
P00924,A015,C004,2024-06-05,3,desktop,night,16408,445,2.71,101.97,9,0.86,0.23
P00925,A015,C004,2024-06-05,3,tablet,morning,10115,47,0.46,72.46,0,0,1.54
P00926,A015,C004,2024-06-05,3,tablet,afternoon,9744,72,0.74,58.77,0,0,0.82
P00927,A015,C004,2024-06-05,3,tablet,night,8959,120,1.34,67.22,1,0.15,0.56
P00928,A015,C004,2024-06-06,4,mobile,morning,11275,54,0.48,90.36,0,0,1.67
P00929,A015,C004,2024-06-06,4,mobile,afternoon,12361,99,0.8,79.89,0,0,0.81
P00930,A015,C004,2024-06-06,4,mobile,night,11018,166,1.51,87.07,1,0.11,0.52
P00931,A015,C004,2024-06-06,4,desktop,morning,14508,140,0.96,121.64,0,0,0.87
P00932,A015,C004,2024-06-06,4,desktop,afternoon,16342,236,1.44,118.31,2,0.17,0.5
P00933,A015,C004,2024-06-06,4,desktop,night,17024,483,2.84,102.4,10,0.94,0.21
P00934,A015,C004,2024-06-06,4,tablet,morning,10356,45,0.43,69.32,0,0,1.54
P00935,A015,C004,2024-06-06,4,tablet,afternoon,8995,66,0.73,58.98,0,0,0.89
P00936,A015,C004,2024-06-06,4,tablet,night,9661,163,1.69,65.66,1,0.14,0.4
P00937,A015,C004,2024-06-07,5,mobile,morning,13008,64,0.49,83.01,0,0,1.3
P00938,A015,C004,2024-06-07,5,mobile,afternoon,10960,78,0.71,94.83,0,0,1.22
P00939,A015,C004,2024-06-07,5,mobile,night,13013,192,1.48,89.58,1,0.11,0.47
P00940,A015,C004,2024-06-07,5,desktop,morning,14267,128,0.9,115.18,0,0,0.9
P00941,A015,C004,2024-06-07,5,desktop,afternoon,15180,219,1.44,120.44,1,0.09,0.55
P00942,A015,C004,2024-06-07,5,desktop,night,14251,439,3.08,118.62,7,0.55,0.27
P00943,A015,C004,2024-06-07,5,tablet,morning,8912,46,0.52,68.47,0,0,1.49
P00944,A015,C004,2024-06-07,5,tablet,afternoon,8290,58,0.7,62.93,0,0,1.08
P00945,A015,C004,2024-06-07,5,tablet,night,10221,136,1.33,72.45,1,0.13,0.53
P00946,A016,C004,2024-06-01,6,mobile,morning,11313,53,0.47,68.73,0,0,1.3
P00947,A016,C004,2024-06-01,6,mobile,afternoon,9387,73,0.78,71.18,0,0,0.98
P00948,A016,C004,2024-06-01,6,mobile,night,9536,155,1.63,69.04,1,0.13,0.45
P00949,A016,C004,2024-06-01,6,desktop,morning,13038,117,0.9,98.76,0,0,0.84
P00950,A016,C004,2024-06-01,6,desktop,afternoon,13540,203,1.5,98.77,2,0.22,0.49
P00951,A016,C004,2024-06-01,6,desktop,night,14558,376,2.58,97.14,6,0.57,0.26
P00952,A016,C004,2024-06-01,6,tablet,morning,8648,41,0.47,50.4,0,0,1.23
P00953,A016,C004,2024-06-01,6,tablet,afternoon,8109,58,0.72,52.27,0,0,0.9
P00954,A016,C004,2024-06-01,6,tablet,night,8787,140,1.59,53.64,1,0.18,0.38
P00955,A016,C004,2024-06-02,7,mobile,morning,9271,48,0.52,77.09,0,0,1.61
P00956,A016,C004,2024-06-02,7,mobile,afternoon,10651,83,0.78,65.62,0,0,0.79
P00957,A016,C004,2024-06-02,7,mobile,night,9287,166,1.79,79.11,1,0.13,0.48
P00958,A016,C004,2024-06-02,7,desktop,morning,14993,127,0.85,91.68,0,0,0.72
P00959,A016,C004,2024-06-02,7,desktop,afternoon,14398,220,1.53,93.9,2,0.21,0.43
P00960,A016,C004,2024-06-02,7,desktop,night,14945,477,3.19,105.85,8,0.8,0.22
P00961,A016,C004,2024-06-02,7,tablet,morning,7150,30,0.42,59.45,0,0,1.98
P00962,A016,C004,2024-06-02,7,tablet,afternoon,8023,52,0.65,52.34,0,0,1.01
P00963,A016,C004,2024-06-02,7,tablet,night,8252,119,1.44,55.96,1,0.19,0.47
P00964,A016,C004,2024-06-03,1,mobile,morning,9844,48,0.49,71.76,0,0,1.5
P00965,A016,C004,2024-06-03,1,mobile,afternoon,9012,64,0.71,63.54,0,0,0.99
P00966,A016,C004,2024-06-03,1,mobile,night,10742,169,1.57,76.36,1,0.14,0.45
P00967,A016,C004,2024-06-03,1,desktop,morning,15113,133,0.88,95.65,0,0,0.72
P00968,A016,C004,2024-06-03,1,desktop,afternoon,12713,151,1.19,85.34,1,0.11,0.57
P00969,A016,C004,2024-06-03,1,desktop,night,12928,336,2.6,101.46,5,0.5,0.3
P00970,A016,C004,2024-06-03,1,tablet,morning,8608,37,0.43,56.21,0,0,1.52
P00971,A016,C004,2024-06-03,1,tablet,afternoon,7028,47,0.67,56.18,0,0,1.2
P00972,A016,C004,2024-06-03,1,tablet,night,8005,101,1.26,57.68,0,0,0.57
P00973,A016,C004,2024-06-04,2,mobile,morning,9903,42,0.42,77.56,0,0,1.85
P00974,A016,C004,2024-06-04,2,mobile,afternoon,10427,63,0.6,72.2,0,0,1.15
P00975,A016,C004,2024-06-04,2,mobile,night,10034,149,1.48,65.23,1,0.17,0.44
P00976,A016,C004,2024-06-04,2,desktop,morning,14173,105,0.74,93.89,0,0,0.89
P00977,A016,C004,2024-06-04,2,desktop,afternoon,13829,177,1.28,89.02,1,0.11,0.5
P00978,A016,C004,2024-06-04,2,desktop,night,14158,394,2.78,102.7,7,0.63,0.26
P00979,A016,C004,2024-06-04,2,tablet,morning,7164,28,0.39,54.09,0,0,1.93
P00980,A016,C004,2024-06-04,2,tablet,afternoon,8447,51,0.6,61.97,0,0,1.22
P00981,A016,C004,2024-06-04,2,tablet,night,8404,117,1.39,56.81,1,0.16,0.49
P00982,A016,C004,2024-06-05,3,mobile,morning,11050,46,0.42,75.57,0,0,1.64
P00983,A016,C004,2024-06-05,3,mobile,afternoon,10806,72,0.67,74.09,0,0,1.03
P00984,A016,C004,2024-06-05,3,mobile,night,9428,136,1.44,67.65,1,0.16,0.5
P00985,A016,C004,2024-06-05,3,desktop,morning,13677,97,0.71,104.69,0,0,1.08
P00986,A016,C004,2024-06-05,3,desktop,afternoon,13457,160,1.19,86.2,1,0.11,0.54
P00987,A016,C004,2024-06-05,3,desktop,night,13689,357,2.61,97.2,6,0.56,0.27
P00988,A016,C004,2024-06-05,3,tablet,morning,7229,30,0.41,49.71,0,0,1.66
P00989,A016,C004,2024-06-05,3,tablet,afternoon,8536,49,0.57,61.57,0,0,1.26
P00990,A016,C004,2024-06-05,3,tablet,night,7286,96,1.32,57.42,0,0,0.6
P00991,A016,C004,2024-06-06,4,mobile,morning,10852,45,0.41,71.14,0,0,1.58
P00992,A016,C004,2024-06-06,4,mobile,afternoon,9160,59,0.64,69.64,0,0,1.18
P00993,A016,C004,2024-06-06,4,mobile,night,9974,142,1.42,68.33,1,0.15,0.48
P00994,A016,C004,2024-06-06,4,desktop,morning,12803,104,0.81,96.45,0,0,0.93
P00995,A016,C004,2024-06-06,4,desktop,afternoon,12266,157,1.28,98.85,1,0.1,0.63
P00996,A016,C004,2024-06-06,4,desktop,night,14148,396,2.8,107.07,6,0.57,0.27
P00997,A016,C004,2024-06-06,4,tablet,morning,7548,30,0.4,62.57,0,0,2.09
P00998,A016,C004,2024-06-06,4,tablet,afternoon,8014,49,0.61,57.7,0,0,1.18
P00999,A016,C004,2024-06-06,4,tablet,night,8103,107,1.32,62.36,0,0,0.58
P01000,A016,C004,2024-06-07,5,mobile,morning,10457,42,0.4,77.92,0,0,1.86
P01001,A016,C004,2024-06-07,5,mobile,afternoon,9942,64,0.64,72.95,0,0,1.14
P01002,A016,C004,2024-06-07,5,mobile,night,9423,125,1.33,76.92,1,0.13,0.62
P01003,A016,C004,2024-06-07,5,desktop,morning,12963,92,0.71,100.16,0,0,1.09
P01004,A016,C004,2024-06-07,5,desktop,afternoon,13912,150,1.08,88.42,1,0.11,0.59
P01005,A016,C004,2024-06-07,5,desktop,night,14096,393,2.79,102.72,6,0.58,0.26
P01006,A016,C004,2024-06-07,5,tablet,morning,8137,36,0.44,56.43,0,0,1.57
P01007,A016,C004,2024-06-07,5,tablet,afternoon,7732,49,0.63,60.43,0,0,1.23
P01008,A016,C004,2024-06-07,5,tablet,night,7546,96,1.27,52.01,0,0,0.54
P01009,A017,C005,2024-06-01,6,mobile,morning,4608,813,17.64,50.9,57,6.14,0.06
P01010,A017,C005,2024-06-01,6,mobile,afternoon,4921,241,4.9,54.65,5,0.47,0.23
P01011,A017,C005,2024-06-01,6,mobile,night,5193,99,1.91,56.38,0,0,0.57
P01012,A017,C005,2024-06-01,6,desktop,morning,3975,515,12.96,42.79,33,4.2,0.08
P01013,A017,C005,2024-06-01,6,desktop,afternoon,3783,133,3.52,41.42,2,0.25,0.31
P01014,A017,C005,2024-06-01,6,desktop,night,4462,65,1.46,40.46,0,0,0.62
P01015,A017,C005,2024-06-01,6,tablet,morning,2431,270,11.11,31.2,13,2.2,0.12
P01016,A017,C005,2024-06-01,6,tablet,afternoon,2401,75,3.12,31.84,1,0.16,0.42
P01017,A017,C005,2024-06-01,6,tablet,night,2395,29,1.21,29.26,0,0,1.01
P01018,A017,C005,2024-06-02,7,mobile,morning,4207,736,17.49,56.14,59,4.82,0.08
P01019,A017,C005,2024-06-02,7,mobile,afternoon,4738,191,4.03,54,4,0.36,0.28
P01020,A017,C005,2024-06-02,7,mobile,night,4864,84,1.73,58.79,0,0,0.7
P01021,A017,C005,2024-06-02,7,desktop,morning,3841,476,12.39,45.03,28,2.89,0.09
P01022,A017,C005,2024-06-02,7,desktop,afternoon,3839,125,3.26,47.02,2,0.2,0.38
P01023,A017,C005,2024-06-02,7,desktop,night,3913,55,1.41,41.74,0,0,0.76
P01024,A017,C005,2024-06-02,7,tablet,morning,2465,223,9.05,30.35,10,1.63,0.14
P01025,A017,C005,2024-06-02,7,tablet,afternoon,2393,68,2.84,30.8,0,0,0.45
P01026,A017,C005,2024-06-02,7,tablet,night,2580,27,1.05,30.23,0,0,1.12
P01027,A017,C005,2024-06-03,1,mobile,morning,5004,709,14.17,51.31,52,5.28,0.07
P01028,A017,C005,2024-06-03,1,mobile,afternoon,4971,197,3.96,59.84,4,0.33,0.3
P01029,A017,C005,2024-06-03,1,mobile,night,4353,73,1.68,59.14,0,0,0.81
P01030,A017,C005,2024-06-03,1,desktop,morning,4239,502,11.84,45.29,26,2.71,0.09
P01031,A017,C005,2024-06-03,1,desktop,afternoon,4411,146,3.31,50.2,2,0.21,0.34
P01032,A017,C005,2024-06-03,1,desktop,night,4220,58,1.37,49.86,0,0,0.86
P01033,A017,C005,2024-06-03,1,tablet,morning,2611,220,8.43,29.28,8,1.44,0.13
P01034,A017,C005,2024-06-03,1,tablet,afternoon,2692,61,2.27,26.74,0,0,0.44
P01035,A017,C005,2024-06-03,1,tablet,night,2517,26,1.03,31.63,0,0,1.22
P01036,A017,C005,2024-06-04,2,mobile,morning,4676,663,14.18,54.35,50,4.49,0.08
P01037,A017,C005,2024-06-04,2,mobile,afternoon,4593,194,4.22,54.9,4,0.36,0.28
P01038,A017,C005,2024-06-04,2,mobile,night,5105,81,1.59,50.33,0,0,0.62
P01039,A017,C005,2024-06-04,2,desktop,morning,4479,514,11.48,45.52,29,3.16,0.09
P01040,A017,C005,2024-06-04,2,desktop,afternoon,4113,142,3.45,42.12,2,0.22,0.3
P01041,A017,C005,2024-06-04,2,desktop,night,3678,51,1.39,48.64,0,0,0.95
P01042,A017,C005,2024-06-04,2,tablet,morning,2727,215,7.88,31.8,10,1.7,0.15
P01043,A017,C005,2024-06-04,2,tablet,afternoon,2712,59,2.18,27.05,0,0,0.46
P01044,A017,C005,2024-06-04,2,tablet,night,2557,26,1.02,27.39,0,0,1.05
P01045,A017,C005,2024-06-05,3,mobile,morning,4856,736,15.16,51.21,56,5.4,0.07
P01046,A017,C005,2024-06-05,3,mobile,afternoon,5329,202,3.79,48.43,3,0.34,0.24
P01047,A017,C005,2024-06-05,3,mobile,night,4666,66,1.41,51.08,0,0,0.77
P01048,A017,C005,2024-06-05,3,desktop,morning,3624,428,11.81,49.19,23,2.51,0.11
P01049,A017,C005,2024-06-05,3,desktop,afternoon,4415,133,3.01,47.89,2,0.2,0.36
P01050,A017,C005,2024-06-05,3,desktop,night,3945,49,1.24,46.17,0,0,0.94
P01051,A017,C005,2024-06-05,3,tablet,morning,2430,207,8.52,32.56,9,1.29,0.16
P01052,A017,C005,2024-06-05,3,tablet,afternoon,2940,76,2.59,26.96,0,0,0.35
P01053,A017,C005,2024-06-05,3,tablet,night,2766,27,0.98,29.1,0,0,1.08
P01054,A017,C005,2024-06-06,4,mobile,morning,4939,667,13.5,53.16,49,4.7,0.08
P01055,A017,C005,2024-06-06,4,mobile,afternoon,4690,170,3.62,53.85,3,0.28,0.32
P01056,A017,C005,2024-06-06,4,mobile,night,4610,67,1.45,55.08,0,0,0.82
P01057,A017,C005,2024-06-06,4,desktop,morning,3803,429,11.28,44.69,24,2.61,0.1
P01058,A017,C005,2024-06-06,4,desktop,afternoon,4525,148,3.27,47.92,2,0.21,0.32
P01059,A017,C005,2024-06-06,4,desktop,night,4245,50,1.18,48.21,0,0,0.96
P01060,A017,C005,2024-06-06,4,tablet,morning,2802,243,8.67,26.56,11,1.9,0.11
P01061,A017,C005,2024-06-06,4,tablet,afternoon,2609,69,2.64,32.82,0,0,0.48
P01062,A017,C005,2024-06-06,4,tablet,night,2814,26,0.92,26.38,0,0,1.01
P01063,A017,C005,2024-06-07,5,mobile,morning,4740,655,13.82,53.33,47,4.34,0.08
P01064,A017,C005,2024-06-07,5,mobile,afternoon,5303,223,4.21,51.01,3,0.32,0.23
P01065,A017,C005,2024-06-07,5,mobile,night,5061,84,1.66,54.55,0,0,0.65
P01066,A017,C005,2024-06-07,5,desktop,morning,3737,376,10.06,51.05,22,2.21,0.14
P01067,A017,C005,2024-06-07,5,desktop,afternoon,3851,111,2.88,45.73,1,0.1,0.41
P01068,A017,C005,2024-06-07,5,desktop,night,3701,45,1.22,49.59,0,0,1.1
P01069,A017,C005,2024-06-07,5,tablet,morning,2421,217,8.96,27.08,9,1.76,0.12
P01070,A017,C005,2024-06-07,5,tablet,afternoon,2476,65,2.63,29.44,0,0,0.45
P01071,A017,C005,2024-06-07,5,tablet,night,2527,22,0.87,27.03,0,0,1.23
P01072,A018,C005,2024-06-01,6,mobile,morning,4464,630,14.11,42.09,41,5,0.07
P01073,A018,C005,2024-06-01,6,mobile,afternoon,3714,148,3.98,43.24,2,0.24,0.29
P01074,A018,C005,2024-06-01,6,mobile,night,3624,50,1.38,43.82,0,0,0.88
P01075,A018,C005,2024-06-01,6,desktop,morning,3598,393,10.92,37.07,22,2.95,0.09
P01076,A018,C005,2024-06-01,6,desktop,afternoon,3104,104,3.35,33.7,1,0.15,0.32
P01077,A018,C005,2024-06-01,6,desktop,night,3538,48,1.36,39.85,0,0,0.83
P01078,A018,C005,2024-06-01,6,tablet,morning,2268,212,9.35,24.3,9,1.98,0.11
P01079,A018,C005,2024-06-01,6,tablet,afternoon,2108,47,2.23,22.32,0,0,0.47
P01080,A018,C005,2024-06-01,6,tablet,night,2339,23,0.98,26.09,0,0,1.13
P01081,A018,C005,2024-06-02,7,mobile,morning,3836,531,13.84,41.46,35,4.37,0.08
P01082,A018,C005,2024-06-02,7,mobile,afternoon,4309,144,3.34,40.57,2,0.24,0.28
P01083,A018,C005,2024-06-02,7,mobile,night,3723,53,1.42,41.6,0,0,0.78
P01084,A018,C005,2024-06-02,7,desktop,morning,3750,422,11.25,41.25,25,3.11,0.1
P01085,A018,C005,2024-06-02,7,desktop,afternoon,3562,100,2.81,41.44,1,0.12,0.41
P01086,A018,C005,2024-06-02,7,desktop,night,3718,46,1.24,42.45,0,0,0.92
P01087,A018,C005,2024-06-02,7,tablet,morning,2065,172,8.33,27.29,7,1.39,0.16
P01088,A018,C005,2024-06-02,7,tablet,afternoon,2077,49,2.36,27.09,0,0,0.55
P01089,A018,C005,2024-06-02,7,tablet,night,2017,17,0.84,26.34,0,0,1.55
P01090,A018,C005,2024-06-03,1,mobile,morning,3570,456,12.77,42.37,25,2.95,0.09
P01091,A018,C005,2024-06-03,1,mobile,afternoon,4402,148,3.36,41.44,2,0.22,0.28
P01092,A018,C005,2024-06-03,1,mobile,night,4249,52,1.22,46.45,0,0,0.89
P01093,A018,C005,2024-06-03,1,desktop,morning,3070,259,8.44,38.83,11,1.4,0.15
P01094,A018,C005,2024-06-03,1,desktop,afternoon,3716,91,2.45,39.46,1,0.13,0.43
P01095,A018,C005,2024-06-03,1,desktop,night,3202,36,1.12,41.88,0,0,1.16
P01096,A018,C005,2024-06-03,1,tablet,morning,2427,177,7.29,24.32,7,1.52,0.14
P01097,A018,C005,2024-06-03,1,tablet,afternoon,2345,49,2.09,21.76,0,0,0.44
P01098,A018,C005,2024-06-03,1,tablet,night,2186,18,0.82,27.28,0,0,1.52
P01099,A018,C005,2024-06-04,2,mobile,morning,3896,463,11.88,49.86,24,2.42,0.11
P01100,A018,C005,2024-06-04,2,mobile,afternoon,4433,131,2.96,44.47,2,0.23,0.34
P01101,A018,C005,2024-06-04,2,mobile,night,3682,43,1.17,43.66,0,0,1.02
P01102,A018,C005,2024-06-04,2,desktop,morning,3716,361,9.71,36.88,15,2.09,0.1
P01103,A018,C005,2024-06-04,2,desktop,afternoon,3584,88,2.46,35.36,1,0.14,0.4
P01104,A018,C005,2024-06-04,2,desktop,night,3384,32,0.95,38.55,0,0,1.2
P01105,A018,C005,2024-06-04,2,tablet,morning,2371,171,7.21,27.64,5,0.82,0.16
P01106,A018,C005,2024-06-04,2,tablet,afternoon,2347,43,1.83,22.44,0,0,0.52
P01107,A018,C005,2024-06-04,2,tablet,night,2173,18,0.83,26.92,0,0,1.5
P01108,A018,C005,2024-06-05,3,mobile,morning,4399,450,10.23,41.05,26,3.15,0.09
P01109,A018,C005,2024-06-05,3,mobile,afternoon,4392,128,2.91,47.08,1,0.1,0.37
P01110,A018,C005,2024-06-05,3,mobile,night,3560,44,1.24,48.08,0,0,1.09
P01111,A018,C005,2024-06-05,3,desktop,morning,3467,351,10.12,34.57,16,2.45,0.1
P01112,A018,C005,2024-06-05,3,desktop,afternoon,3165,91,2.88,37.5,1,0.15,0.41
P01113,A018,C005,2024-06-05,3,desktop,night,3538,36,1.02,42.53,0,0,1.18
P01114,A018,C005,2024-06-05,3,tablet,morning,2372,186,7.84,26.27,6,1.1,0.14
P01115,A018,C005,2024-06-05,3,tablet,afternoon,1995,38,1.9,24.2,0,0,0.64
P01116,A018,C005,2024-06-05,3,tablet,night,2163,19,0.88,21.98,0,0,1.16
P01117,A018,C005,2024-06-06,4,mobile,morning,4099,503,12.27,39.69,28,3.18,0.08
P01118,A018,C005,2024-06-06,4,mobile,afternoon,3684,109,2.96,46.55,1,0.11,0.43
P01119,A018,C005,2024-06-06,4,mobile,night,4286,60,1.4,46.98,0,0,0.78
P01120,A018,C005,2024-06-06,4,desktop,morning,3412,314,9.2,42.19,15,1.61,0.13
P01121,A018,C005,2024-06-06,4,desktop,afternoon,3132,84,2.68,42.3,1,0.12,0.5
P01122,A018,C005,2024-06-06,4,desktop,night,3269,31,0.95,35.75,0,0,1.15
P01123,A018,C005,2024-06-06,4,tablet,morning,1982,140,7.06,26.25,5,0.9,0.19
P01124,A018,C005,2024-06-06,4,tablet,afternoon,2338,50,2.14,23.38,0,0,0.47
P01125,A018,C005,2024-06-06,4,tablet,night,2293,21,0.92,24.55,0,0,1.17
P01126,A018,C005,2024-06-07,5,mobile,morning,3554,423,11.9,42.59,23,2.61,0.1
P01127,A018,C005,2024-06-07,5,mobile,afternoon,4284,149,3.48,39.99,2,0.27,0.27
P01128,A018,C005,2024-06-07,5,mobile,night,3681,51,1.39,44.75,0,0,0.88
P01129,A018,C005,2024-06-07,5,desktop,morning,3573,344,9.63,36.58,15,2.12,0.11
P01130,A018,C005,2024-06-07,5,desktop,afternoon,3251,93,2.86,36.58,1,0.14,0.39
P01131,A018,C005,2024-06-07,5,desktop,night,3694,38,1.03,35.61,0,0,0.94
P01132,A018,C005,2024-06-07,5,tablet,morning,2401,161,6.71,27.24,5,0.9,0.17
P01133,A018,C005,2024-06-07,5,tablet,afternoon,2004,44,2.2,25.48,0,0,0.58
P01134,A018,C005,2024-06-07,5,tablet,night,1999,17,0.85,22.09,0,0,1.3
P01135,A019,C005,2024-06-01,6,mobile,morning,3606,451,12.51,48.14,30,3.3,0.11
P01136,A019,C005,2024-06-01,6,mobile,afternoon,4045,154,3.81,40.57,3,0.4,0.26
P01137,A019,C005,2024-06-01,6,mobile,night,3527,56,1.59,43.94,0,0,0.78
P01138,A019,C005,2024-06-01,6,desktop,morning,3597,362,10.06,39.51,20,2.4,0.11
P01139,A019,C005,2024-06-01,6,desktop,afternoon,3190,98,3.07,40.97,1,0.11,0.42
P01140,A019,C005,2024-06-01,6,desktop,night,3387,36,1.06,41.76,0,0,1.16
P01141,A019,C005,2024-06-01,6,tablet,morning,2292,168,7.33,24.41,6,1.3,0.15
P01142,A019,C005,2024-06-01,6,tablet,afternoon,2319,54,2.33,22.72,0,0,0.42
P01143,A019,C005,2024-06-01,6,tablet,night,2273,23,1.01,22.09,0,0,0.96
P01144,A019,C005,2024-06-02,7,mobile,morning,3531,456,12.91,41.99,31,3.96,0.09
P01145,A019,C005,2024-06-02,7,mobile,afternoon,4148,136,3.28,43.58,2,0.25,0.32
P01146,A019,C005,2024-06-02,7,mobile,night,3827,60,1.57,42.68,0,0,0.71
P01147,A019,C005,2024-06-02,7,desktop,morning,3616,345,9.54,40.98,17,1.88,0.12
P01148,A019,C005,2024-06-02,7,desktop,afternoon,3269,93,2.84,41.46,1,0.13,0.45
P01149,A019,C005,2024-06-02,7,desktop,night,3558,38,1.07,40.87,0,0,1.08
P01150,A019,C005,2024-06-02,7,tablet,morning,2383,205,8.6,26.49,7,1.29,0.13
P01151,A019,C005,2024-06-02,7,tablet,afternoon,2215,50,2.26,22.34,0,0,0.45
P01152,A019,C005,2024-06-02,7,tablet,night,2262,19,0.84,27.03,0,0,1.42
P01153,A019,C005,2024-06-03,1,mobile,morning,3895,486,12.48,44.9,30,3.15,0.09
P01154,A019,C005,2024-06-03,1,mobile,afternoon,4146,125,3.01,42.5,1,0.12,0.34
P01155,A019,C005,2024-06-03,1,mobile,night,3706,42,1.13,42.42,0,0,1.01
P01156,A019,C005,2024-06-03,1,desktop,morning,3027,294,9.71,39.05,13,1.6,0.13
P01157,A019,C005,2024-06-03,1,desktop,afternoon,3425,97,2.83,41.45,1,0.13,0.43
P01158,A019,C005,2024-06-03,1,desktop,night,2981,34,1.14,37.07,0,0,1.09
P01159,A019,C005,2024-06-03,1,tablet,morning,2044,163,7.97,21.96,5,1.18,0.13
P01160,A019,C005,2024-06-03,1,tablet,afternoon,2151,48,2.23,24.35,0,0,0.51
P01161,A019,C005,2024-06-03,1,tablet,night,2396,19,0.79,22.09,0,0,1.16
P01162,A019,C005,2024-06-04,2,mobile,morning,4051,435,10.74,39.43,26,3.12,0.09
P01163,A019,C005,2024-06-04,2,mobile,afternoon,4336,144,3.32,43.12,2,0.24,0.3
P01164,A019,C005,2024-06-04,2,mobile,night,3752,49,1.31,46.14,0,0,0.94
P01165,A019,C005,2024-06-04,2,desktop,morning,3172,267,8.42,40.05,11,1.31,0.15
P01166,A019,C005,2024-06-04,2,desktop,afternoon,3316,97,2.93,39.87,1,0.12,0.41
P01167,A019,C005,2024-06-04,2,desktop,night,3293,32,0.97,41.26,0,0,1.29
P01168,A019,C005,2024-06-04,2,tablet,morning,2398,186,7.76,25.35,6,1.1,0.14
P01169,A019,C005,2024-06-04,2,tablet,afternoon,2018,36,1.78,23.16,0,0,0.64
P01170,A019,C005,2024-06-04,2,tablet,night,1990,16,0.8,21.52,0,0,1.34
P01171,A019,C005,2024-06-05,3,mobile,morning,3796,433,11.41,40.49,23,3.08,0.09
P01172,A019,C005,2024-06-05,3,mobile,afternoon,3826,123,3.21,40.31,1,0.12,0.33
P01173,A019,C005,2024-06-05,3,mobile,night,3450,47,1.36,49.08,0,0,1.04
P01174,A019,C005,2024-06-05,3,desktop,morning,3307,290,8.77,41.44,14,1.71,0.14
P01175,A019,C005,2024-06-05,3,desktop,afternoon,3046,81,2.66,41.1,1,0.13,0.51
P01176,A019,C005,2024-06-05,3,desktop,night,3513,40,1.14,34.21,0,0,0.86
P01177,A019,C005,2024-06-05,3,tablet,morning,2102,163,7.75,23.92,5,0.95,0.15
P01178,A019,C005,2024-06-05,3,tablet,afternoon,2226,46,2.07,22.61,0,0,0.49
P01179,A019,C005,2024-06-05,3,tablet,night,1906,15,0.79,23.91,0,0,1.59
P01180,A019,C005,2024-06-06,4,mobile,morning,3927,411,10.47,42.13,23,2.97,0.1
P01181,A019,C005,2024-06-06,4,mobile,afternoon,4299,134,3.12,40.33,2,0.24,0.3
P01182,A019,C005,2024-06-06,4,mobile,night,3796,46,1.21,42.48,0,0,0.92
P01183,A019,C005,2024-06-06,4,desktop,morning,2999,292,9.74,36.95,15,2.15,0.13
P01184,A019,C005,2024-06-06,4,desktop,afternoon,3159,89,2.82,41.67,1,0.13,0.47
P01185,A019,C005,2024-06-06,4,desktop,night,3040,32,1.05,33.73,0,0,1.05
P01186,A019,C005,2024-06-06,4,tablet,morning,2343,188,8.02,21.71,7,1.69,0.12
P01187,A019,C005,2024-06-06,4,tablet,afternoon,1941,39,2.01,26.64,0,0,0.68
P01188,A019,C005,2024-06-06,4,tablet,night,2262,19,0.84,22.12,0,0,1.16
P01189,A019,C005,2024-06-07,5,mobile,morning,3966,399,10.06,47.5,24,2.43,0.12
P01190,A019,C005,2024-06-07,5,mobile,afternoon,3971,127,3.2,39.05,1,0.12,0.31
P01191,A019,C005,2024-06-07,5,mobile,night,4344,60,1.38,43.76,0,0,0.73
P01192,A019,C005,2024-06-07,5,desktop,morning,3262,301,9.23,39.13,13,1.53,0.13
P01193,A019,C005,2024-06-07,5,desktop,afternoon,3150,93,2.95,33.55,1,0.15,0.36
P01194,A019,C005,2024-06-07,5,desktop,night,3380,38,1.12,38.6,0,0,1.02
P01195,A019,C005,2024-06-07,5,tablet,morning,1957,141,7.2,24.67,5,0.95,0.17
P01196,A019,C005,2024-06-07,5,tablet,afternoon,1925,37,1.92,26.43,0,0,0.71
P01197,A019,C005,2024-06-07,5,tablet,night,2036,16,0.79,26.63,0,0,1.66
P01198,A020,C005,2024-06-01,6,mobile,morning,4485,606,13.51,48.6,37,3.5,0.08
P01199,A020,C005,2024-06-01,6,mobile,afternoon,4306,167,3.88,49.76,3,0.31,0.3
P01200,A020,C005,2024-06-01,6,mobile,night,3866,62,1.6,47.74,0,0,0.77
P01201,A020,C005,2024-06-01,6,desktop,morning,3718,362,9.74,38.99,19,2.43,0.11
P01202,A020,C005,2024-06-01,6,desktop,afternoon,3318,114,3.44,35.12,1,0.13,0.31
P01203,A020,C005,2024-06-01,6,desktop,night,3192,44,1.38,39.88,0,0,0.91
P01204,A020,C005,2024-06-01,6,tablet,morning,2250,195,8.67,26.67,7,1.3,0.14
P01205,A020,C005,2024-06-01,6,tablet,afternoon,2005,52,2.59,27.67,0,0,0.53
P01206,A020,C005,2024-06-01,6,tablet,night,2159,22,1.02,27.47,0,0,1.25
P01207,A020,C005,2024-06-02,7,mobile,morning,3906,553,14.16,40.51,40,4.66,0.07
P01208,A020,C005,2024-06-02,7,mobile,afternoon,4407,155,3.52,42.68,2,0.22,0.28
P01209,A020,C005,2024-06-02,7,mobile,night,3649,58,1.59,48.79,0,0,0.84
P01210,A020,C005,2024-06-02,7,desktop,morning,3664,359,9.8,35.17,21,2.99,0.1
P01211,A020,C005,2024-06-02,7,desktop,afternoon,3085,88,2.85,36.52,1,0.14,0.42
P01212,A020,C005,2024-06-02,7,desktop,night,3661,49,1.34,42.74,0,0,0.87
P01213,A020,C005,2024-06-02,7,tablet,morning,2064,170,8.24,22.65,7,1.68,0.13
P01214,A020,C005,2024-06-02,7,tablet,afternoon,2473,58,2.35,23.07,0,0,0.4
P01215,A020,C005,2024-06-02,7,tablet,night,2094,20,0.96,22.7,0,0,1.14
P01216,A020,C005,2024-06-03,1,mobile,morning,3784,410,10.84,43.28,26,3.03,0.11
P01217,A020,C005,2024-06-03,1,mobile,afternoon,4521,136,3.01,42.54,2,0.24,0.31
P01218,A020,C005,2024-06-03,1,mobile,night,3929,53,1.35,45.01,0,0,0.85
P01219,A020,C005,2024-06-03,1,desktop,morning,3330,310,9.31,36.16,13,1.66,0.12
P01220,A020,C005,2024-06-03,1,desktop,afternoon,3852,96,2.49,35.19,1,0.15,0.37
P01221,A020,C005,2024-06-03,1,desktop,night,3620,40,1.1,34.54,0,0,0.86
P01222,A020,C005,2024-06-03,1,tablet,morning,2117,161,7.61,23.99,6,1.24,0.15
P01223,A020,C005,2024-06-03,1,tablet,afternoon,2261,45,1.99,27.26,0,0,0.61
P01224,A020,C005,2024-06-03,1,tablet,night,2415,20,0.83,26.2,0,0,1.31
P01225,A020,C005,2024-06-04,2,mobile,morning,4051,429,10.59,45,26,2.65,0.1
P01226,A020,C005,2024-06-04,2,mobile,afternoon,3712,121,3.26,46.67,1,0.12,0.39
P01227,A020,C005,2024-06-04,2,mobile,night,4525,54,1.19,50.88,0,0,0.94
P01228,A020,C005,2024-06-04,2,desktop,morning,3857,336,8.71,41.97,16,1.82,0.12
P01229,A020,C005,2024-06-04,2,desktop,afternoon,3627,101,2.78,36.71,1,0.14,0.36
P01230,A020,C005,2024-06-04,2,desktop,night,3368,36,1.07,39.79,0,0,1.11
P01231,A020,C005,2024-06-04,2,tablet,morning,2114,167,7.9,22.76,5,1.1,0.14
P01232,A020,C005,2024-06-04,2,tablet,afternoon,2301,44,1.91,22.71,0,0,0.52
P01233,A020,C005,2024-06-04,2,tablet,night,2328,22,0.95,24.41,0,0,1.11
P01234,A020,C005,2024-06-05,3,mobile,morning,4178,442,10.58,41.03,27,3.47,0.09
P01235,A020,C005,2024-06-05,3,mobile,afternoon,4345,135,3.11,47.45,2,0.2,0.35
P01236,A020,C005,2024-06-05,3,mobile,night,3907,56,1.43,46.19,0,0,0.82
P01237,A020,C005,2024-06-05,3,desktop,morning,3393,357,10.52,37.74,16,2.07,0.11
P01238,A020,C005,2024-06-05,3,desktop,afternoon,3417,83,2.43,39.35,1,0.12,0.47
P01239,A020,C005,2024-06-05,3,desktop,night,3621,39,1.08,35.42,0,0,0.91
P01240,A020,C005,2024-06-05,3,tablet,morning,2023,157,7.76,26.09,6,1.17,0.17
P01241,A020,C005,2024-06-05,3,tablet,afternoon,2220,51,2.3,25.16,0,0,0.49
P01242,A020,C005,2024-06-05,3,tablet,night,2485,21,0.85,24.23,0,0,1.15
P01243,A020,C005,2024-06-06,4,mobile,morning,3600,375,10.42,49.37,21,2.23,0.13
P01244,A020,C005,2024-06-06,4,mobile,afternoon,3599,131,3.64,43.93,1,0.11,0.34
P01245,A020,C005,2024-06-06,4,mobile,night,3921,50,1.28,47.44,0,0,0.95
P01246,A020,C005,2024-06-06,4,desktop,morning,3527,371,10.52,34.78,16,2.23,0.09
P01247,A020,C005,2024-06-06,4,desktop,afternoon,3053,80,2.62,38.46,1,0.13,0.48
P01248,A020,C005,2024-06-06,4,desktop,night,3783,39,1.03,40.65,0,0,1.04
P01249,A020,C005,2024-06-06,4,tablet,morning,2167,157,7.25,25.56,6,1.08,0.16
P01250,A020,C005,2024-06-06,4,tablet,afternoon,2326,47,2.02,25.14,0,0,0.53
P01251,A020,C005,2024-06-06,4,tablet,night,2294,18,0.78,24.74,0,0,1.37
P01252,A020,C005,2024-06-07,5,mobile,morning,4339,550,12.68,46.07,30,2.96,0.08
P01253,A020,C005,2024-06-07,5,mobile,afternoon,4543,148,3.26,42.67,2,0.22,0.29
P01254,A020,C005,2024-06-07,5,mobile,night,4395,53,1.21,43.89,0,0,0.83
P01255,A020,C005,2024-06-07,5,desktop,morning,3430,306,8.92,41.58,15,1.73,0.14
P01256,A020,C005,2024-06-07,5,desktop,afternoon,3702,99,2.67,39.2,1,0.13,0.4
P01257,A020,C005,2024-06-07,5,desktop,night,3554,38,1.07,41.28,0,0,1.09
P01258,A020,C005,2024-06-07,5,tablet,morning,2341,189,8.07,25.58,6,1.28,0.14
P01259,A020,C005,2024-06-07,5,tablet,afternoon,2362,49,2.07,27.76,0,0,0.57
P01260,A020,C005,2024-06-07,5,tablet,night,2377,19,0.8,25.52,0,0,1.34